# V8 map-to-work graph (all 88 V1 locator groups, revision-bound candidates, NOT verified defects)
# source_product_revision=58b1200bd61b867e917057d0019eea78ea9f6b2a
# source_tree_sha=58b1200bd61b867e917057d0019eea78ea9f6b2a
# original_spec_sha256_expected=b35ee1bf8212579251f24914e11aebe103ff697f549f7a5812f07c53361d26b7
# authority Pnnnn = one-based paragraph index, including empty DOCX paragraphs; verify original bytes
# PRIORITY and dependencies are scheduling hints only, not authoritative source obligations
# Path SHA fields identify blobs at frozen HEAD only; freshness MUST be rechecked at live HEAD
group_id	spec_paragraphs	section	phase	candidate_priority	candidate_depends_on	code_paths_exact_sha	test_paths_exact_sha	prior_static_status	functional_acceptance_status
AUTHORITY	P9837-P9845	DOC-A/B/C/D/E authority hierarchy	00_LAW	P2_CANDIDATE		AGENTS.md@25dfa28ebdd684bed67d80cab1a938139e9d1be3;README.md@c1e8a04474c7bb5f4f3f30d8e201529be9381280	tests/contract/scope-boundary.test.ts@ef793fbcf01e00fb06610950737309ce4cb56cdd	PATH_HASH_VERIFIED_AT_FROZEN_HEAD	NOT_VERIFIED
B-IDENTITY	P9846-P9863	DOC-B identity and authority lock	00_LAW	P2_CANDIDATE		packages/law/precheck.ts@55e3d9629090773e90a60d4df3959557a323d54b;packages/core/vnext-state-matrix.ts@27e1281fba330784cc3bf2c30e9e1e82f951479b	tests/contract/state-matrix.test.ts@9459dbee70b75631b1d0204110116aa2e4be6239	PATH_HASH_VERIFIED_AT_FROZEN_HEAD	NOT_VERIFIED
B-FREEZE	P9864-P9885	DOC-B output/freeze law	00_LAW	P2_CANDIDATE		packages/law/freeze.ts@e2e62e29553b9c62b6de5aef5082c68fe54d478d;packages/api/canonical.ts@250048e369a96c930b0cb87212ae9ba188fdcf42	tests/integration/freeze-all-causes.spec.ts@b3996d6bc487f5d97dffa398dc8bd1d0f2a9eafe	PATH_HASH_VERIFIED_AT_FROZEN_HEAD	NOT_VERIFIED
C-SCOPE	P9886-P9909	vNEXT included/excluded scope	01_CONTRACT	P1_CANDIDATE	AUTHORITY	config/experimental-scope.ts@f478c1effadcf6a2c601a493ed92b2f02f6a9003;scripts/check-phase-f.ts@da92961bd6226425d8a8bb651c60c41b0c1f0a5b	tests/contract/scope-boundary.test.ts@ef793fbcf01e00fb06610950737309ce4cb56cdd	PATH_HASH_VERIFIED_AT_FROZEN_HEAD	NOT_VERIFIED
C-DEFAULTS	P9910-P9949	26 canonical numeric defaults	01_CONTRACT	P1_CANDIDATE	AUTHORITY	packages/api/vnext-config.ts@a3141a649be7e40ec79f417f53bba9b73081232b;packages/config/runtime-config.ts@43be034d5938137d8d29a5506ba25d356d79e66a	tests/contract/ex017-config-defaults.test.ts@0348ee2ba55b746dc97a23bd00e82168671f35dd;tests/contract/vnext-defaults.test.ts@9853215fa86392662aa602d095138a7c6b46c2fd	PATH_HASH_VERIFIED_AT_FROZEN_HEAD	NOT_VERIFIED
C-TYPES	P9950-P9994	Statuses/states/error codes	01_CONTRACT	P1_CANDIDATE	AUTHORITY	packages/contracts/state.ts@04efcc7161c5415922e11e16174013d1d4ea40a3;packages/contracts/errors.ts@b6a1737688399cf0571236f23c0b5ce0f7de5847	tests/contract/ex017-wire-vocabulary.test.ts@9bb39848df32348fb64d0334878dc1345157b270	PATH_HASH_VERIFIED_AT_FROZEN_HEAD	NOT_VERIFIED
C-ENVELOPE	P9995-P10013	SystemEnvelope, audit and error payloads	01_CONTRACT	P1_CANDIDATE	AUTHORITY	packages/contracts/envelope.ts@daf1156b3431150e667b5e18727d8abe9bdc9b75;packages/api/canonical.ts@250048e369a96c930b0cb87212ae9ba188fdcf42	tests/contract/envelope.test.ts@c8caec95b430dfdd454691bdf68378f422c48785	PATH_HASH_VERIFIED_AT_FROZEN_HEAD	NOT_VERIFIED
C-RELEASE-RESULT	P10014-P10025	Release policy result contract	01_CONTRACT	P1_CANDIDATE	AUTHORITY	packages/contracts/release-policy.ts@a52354b950c268f2c8fd07d95475d72e7fa26191;packages/orch-core/release-policy.ts@96153ca97b78f018e27239940a6304ef1926206e	tests/contract/release-spine.test.ts@c5a739be651c96168ba96a469b8f8a222bd67014	PATH_HASH_VERIFIED_AT_FROZEN_HEAD	NOT_VERIFIED
C-API-LAW	P10026-P10038	Envelope/auth/RBAC/CSRF/idempotency/audit/retries	04_API	P0_CANDIDATE	C-TYPES;C-ENVELOPE;C-API-LAW	packages/validation/api.schema.ts@80f84302ae07746a7d56b92dbcf0e19cc99118c7;packages/api/canonical.ts@250048e369a96c930b0cb87212ae9ba188fdcf42	tests/contract/canonical-api.test.ts@1d90692030c4b8ccd0e089150cec21e9d7d803ba	PATH_HASH_VERIFIED_AT_FROZEN_HEAD	NOT_VERIFIED
C-API01	P10039-P10070	POST /api/auth/request-otac	04_API	P0_CANDIDATE	C-TYPES;C-ENVELOPE;C-API-LAW	apps/web/app/api/auth/request-otac/route.ts@ef7cbefc3cf339ab0b387a6ccf1f8de77038e5be	tests/integration/auth/request-otac.spec.ts@72096e2ee60658f712213c0f670d81557febf971	PATH_HASH_VERIFIED_AT_FROZEN_HEAD	NOT_VERIFIED
C-API02	P10071-P10105	POST /api/auth/verify-otac	04_API	P0_CANDIDATE	C-TYPES;C-ENVELOPE;C-API-LAW	apps/web/app/api/auth/verify-otac/route.ts@ca62df87060264c279316c9e06b340d9a8ee6aa3	tests/integration/auth/verify-otac.spec.ts@b81b1a963c932aa942d19cca8b9b776d0aeb6031	PATH_HASH_VERIFIED_AT_FROZEN_HEAD	NOT_VERIFIED
C-API03	P10106-P10127	GET /api/session/me	04_API	P1_CANDIDATE	C-TYPES;C-ENVELOPE;C-API-LAW	apps/web/app/api/session/me/route.ts@7cd33f322e185485e386e431e5bd5a970f3374c0	tests/contract/canonical-api.test.ts@1d90692030c4b8ccd0e089150cec21e9d7d803ba	PATH_HASH_VERIFIED_AT_FROZEN_HEAD	NOT_VERIFIED
C-API04	P10128-P10152	POST /api/auth/logout	04_API	P0_CANDIDATE	C-TYPES;C-ENVELOPE;C-API-LAW	apps/web/app/api/auth/logout/route.ts@b154cdcf5b4bc56ffbc38fb7cb7047b1745eada9	tests/integration/auth/logout.spec.ts@e4abbce30cd4d76c7eac96ec9e9d382a18a286d6	PATH_HASH_VERIFIED_AT_FROZEN_HEAD	NOT_VERIFIED
C-API05	P10153-P10202	POST /api/directives	04_API	P0_CANDIDATE	C-TYPES;C-ENVELOPE;C-API-LAW	apps/web/app/api/directives/route.ts@ba3fd8432902ad7c707767b97998b42b0db3d339	tests/integration/directives/create.spec.ts@618430867512b4c040b24c54504820af37576b8c	PATH_HASH_VERIFIED_AT_FROZEN_HEAD	NOT_VERIFIED
C-API06	P10203-P10221	GET /api/directives/:id	04_API	P1_CANDIDATE	C-TYPES;C-ENVELOPE;C-API-LAW	apps/web/app/api/directives/[id]/route.ts@e81c14e0f38f6d94b4dc91f84dfd4336e10ce087	tests/integration/directives/read-auth.spec.ts@560bc7a5bdc99211395faf5fd46c826e6312fd5e	PATH_HASH_VERIFIED_AT_FROZEN_HEAD	NOT_VERIFIED
C-API07	P10222-P10242	GET /api/runs/:id	04_API	P1_CANDIDATE	C-TYPES;C-ENVELOPE;C-API-LAW	apps/web/app/api/runs/[id]/route.ts@3c18601e4d2b57d0eab650e13990dd06785bdc72	tests/contract/canonical-api.test.ts@1d90692030c4b8ccd0e089150cec21e9d7d803ba	PATH_HASH_VERIFIED_AT_FROZEN_HEAD	NOT_VERIFIED
C-API08	P10243-P10268	POST /api/freeze/recover	04_API	P1_CANDIDATE	C-TYPES;C-ENVELOPE;C-API-LAW	apps/web/app/api/freeze/recover/route.ts@9496923925bec9270706fe86cf7095926931a7ee	tests/integration/freeze/recover.spec.ts@d197936bc15b92ce5be4e5119457f2c687c314c6	PATH_HASH_VERIFIED_AT_FROZEN_HEAD	NOT_VERIFIED
C-API09	P10269-P10301	POST /api/vault/commit	04_API	P1_CANDIDATE	C-TYPES;C-ENVELOPE;C-API-LAW	apps/web/app/api/vault/commit/route.ts@ed304f1a26f68b036a5fdd8a3f54c73cb7c9b7ac	tests/integration/vault/commit.spec.ts@138e026e9496c2b169b3d7f81a19d0ff6d6922fb	PATH_HASH_VERIFIED_AT_FROZEN_HEAD	NOT_VERIFIED
C-API10	P10302-P10330	GET /api/artifacts/:id/revisions	04_API	P1_CANDIDATE	C-TYPES;C-ENVELOPE;C-API-LAW	apps/web/app/api/artifacts/[id]/revisions/route.ts@33cf0474c573bff081992fa426832962c2239040	tests/contract/canonical-api.test.ts@1d90692030c4b8ccd0e089150cec21e9d7d803ba	PATH_HASH_VERIFIED_AT_FROZEN_HEAD	NOT_VERIFIED
C-API11	P10331-P10340	GET /api/incidents/:id	04_API	P1_CANDIDATE	C-TYPES;C-ENVELOPE;C-API-LAW	apps/web/app/api/incidents/[id]/route.ts@91d32f66dbab72708de80b57e9162bd17a0980e4	tests/contract/incident-semantics.test.ts@7dc8d552cf407e4b83dff4a23cdb16112c350db3	PATH_HASH_VERIFIED_AT_FROZEN_HEAD	NOT_VERIFIED
C-API12	P10341-P10352	GET /api/audit-logs	04_API	P1_CANDIDATE	C-TYPES;C-ENVELOPE;C-API-LAW	apps/web/app/api/audit-logs/route.ts@a3345d844dfff6822b604da5d53f2348a0ab9be8	tests/e2e/audit-trail.spec.ts@ed70f398c1629dd8a72525fd2637d1d19f9b88f1	PATH_HASH_VERIFIED_AT_FROZEN_HEAD	NOT_VERIFIED
C-FSM-EVENT	P10353-P10367	Event vocabulary	05_EXECUTION	P1_CANDIDATE	C-DEFAULTS;C-TYPES	packages/core/vnext-state-matrix.ts@27e1281fba330784cc3bf2c30e9e1e82f951479b	tests/contract/state-matrix.test.ts@9459dbee70b75631b1d0204110116aa2e4be6239	PATH_HASH_VERIFIED_AT_FROZEN_HEAD	NOT_VERIFIED
C-FSM-MATRIX	P10368-P10452	State/event transition matrix	05_EXECUTION	P1_CANDIDATE	C-DEFAULTS;C-TYPES	packages/core/vnext-state-matrix.ts@27e1281fba330784cc3bf2c30e9e1e82f951479b;core-kernel/src/kernel/vnext_matrix.rs@c55e13839f2bed01a29749f226edef82d1929a4a	tests/contract/state-matrix.test.ts@9459dbee70b75631b1d0204110116aa2e4be6239	PATH_HASH_VERIFIED_AT_FROZEN_HEAD	NOT_VERIFIED
C-ILLEGAL	P10453-P10469	Illegal event denial	05_EXECUTION	P1_CANDIDATE	C-DEFAULTS;C-TYPES	packages/law/freeze.ts@e2e62e29553b9c62b6de5aef5082c68fe54d478d;packages/core/vnext-state-matrix.ts@27e1281fba330784cc3bf2c30e9e1e82f951479b	tests/contract/fatal-state-law.test.ts@04a1b683e84b66b99d960247f99bc82e47b3f7cc	PATH_HASH_VERIFIED_AT_FROZEN_HEAD	NOT_VERIFIED
C-OWNER	P10470-P10485	Owner actions and rights	05_EXECUTION	P1_CANDIDATE	C-DEFAULTS;C-TYPES	packages/api/owner-recovery.ts@1d9cbd839673197870f6ec3d5252ed924ac157a6;packages/api/owner-cancel.ts@9e635aaa36b35bc08118e40f34fb8e190a014381	tests/contract/owner-role-management.test.ts@2dc0dc67e6744e08fd4cf654080129f98678c589	PATH_HASH_VERIFIED_AT_FROZEN_HEAD	NOT_VERIFIED
C-TIMEOUT	P10486-P10493	Timeout behavior	05_EXECUTION	P1_CANDIDATE	C-DEFAULTS;C-TYPES	packages/swarm/pipeline.ts@b6bfadfb473b675928fa8df476b2180ac749e335;packages/queue/workers.ts@3134e7b6bf83f7200959e3e267b28f5ea28b6392	tests/contract/swarm-timeouts.test.ts@ec9efd3ebecb6275544a005dfacfd94729c0e10a	PATH_HASH_VERIFIED_AT_FROZEN_HEAD	NOT_VERIFIED
C-INCIDENT	P10494-P10499	EventLog, primary/secondary incident and audit linkage	05_EXECUTION	P0_CANDIDATE	C-DEFAULTS;C-TYPES	packages/obs/incidents.ts@ee047ebf74639cda28b7129c095f356d5085f3ad;packages/obs/event-log.ts@673a69620a978082be21cc77dce2aabaad30bd87;packages/obs/audit-log.ts@f1cae86b9b3f9c58a603b763d2ec079dd92aa1d7	tests/contract/pipeline-failure-incident-linkage.test.ts@975bc2323577ae7c3eb52b3d4f73d48f14cf0b4f	PATH_HASH_VERIFIED_AT_FROZEN_HEAD	NOT_VERIFIED
D-S1	P10506-P10509	Front Door	06_PRODUCT	P2_CANDIDATE	C-API-LAW	apps/web/app/page.tsx@a307266a408c46d009b739afa6af684cd911e314	tests/browser/critical-flows.spec.mjs@f68c70c82576a5a93b99a11f0be7f1fa393818fc	PATH_HASH_VERIFIED_AT_FROZEN_HEAD	NOT_VERIFIED
D-S2	P10510-P10513	OTAC Verify	06_PRODUCT	P2_CANDIDATE	C-API-LAW	apps/web/app/login/page.tsx@597a6539473e161b4a7217f09c1345270f290719	tests/browser/critical-flows.spec.mjs@f68c70c82576a5a93b99a11f0be7f1fa393818fc	PATH_HASH_VERIFIED_AT_FROZEN_HEAD	NOT_VERIFIED
D-S3	P10514-P10517	Home / Front	06_PRODUCT	P2_CANDIDATE	C-API-LAW	apps/web/app/page.tsx@a307266a408c46d009b739afa6af684cd911e314	tests/browser/critical-flows.spec.mjs@f68c70c82576a5a93b99a11f0be7f1fa393818fc	PATH_HASH_VERIFIED_AT_FROZEN_HEAD	NOT_VERIFIED
D-S4	P10518-P10521	Directive Create	06_PRODUCT	P2_CANDIDATE	C-API-LAW	apps/web/app/directives/new/page.tsx@c5131bd3616f6d8aba7fb022570b9b11e848554b	tests/browser/critical-flows.spec.mjs@f68c70c82576a5a93b99a11f0be7f1fa393818fc	PATH_HASH_VERIFIED_AT_FROZEN_HEAD	NOT_VERIFIED
D-S5	P10522-P10525	Directive Detail	06_PRODUCT	P2_CANDIDATE	C-API-LAW	apps/web/app/directives/[id]/page.tsx@08ab4756adb7ecc2c42fab3882d2560b946c8e8c	tests/browser/critical-flows.spec.mjs@f68c70c82576a5a93b99a11f0be7f1fa393818fc	PATH_HASH_VERIFIED_AT_FROZEN_HEAD	NOT_VERIFIED
D-S6	P10526-P10529	Pipeline Run Detail	06_PRODUCT	P2_CANDIDATE	C-API-LAW	apps/web/app/runs/[id]/page.tsx@6f954de45fa8f6543f83b6f4d8d0ce5d543849db	tests/browser/critical-flows.spec.mjs@f68c70c82576a5a93b99a11f0be7f1fa393818fc	PATH_HASH_VERIFIED_AT_FROZEN_HEAD	NOT_VERIFIED
D-S7	P10530-P10533	Freeze Incident	06_PRODUCT	P2_CANDIDATE	C-API-LAW	apps/web/app/incidents/[id]/page.tsx@d2d23f97cc9400e99d1ed3c5f4fa6e336e594262	tests/browser/critical-flows.spec.mjs@f68c70c82576a5a93b99a11f0be7f1fa393818fc	PATH_HASH_VERIFIED_AT_FROZEN_HEAD	NOT_VERIFIED
D-S8	P10534-P10537	Artifact List	06_PRODUCT	P2_CANDIDATE	C-API-LAW	apps/web/app/vault/page.tsx@ce6eb1133f5692e5c8fee764499227a727b704be	tests/browser/critical-flows.spec.mjs@f68c70c82576a5a93b99a11f0be7f1fa393818fc	PATH_HASH_VERIFIED_AT_FROZEN_HEAD	NOT_VERIFIED
D-S9	P10538-P10541	Revision History	06_PRODUCT	P2_CANDIDATE	C-API-LAW	apps/web/app/vault/[id]/page.tsx@b041b4dca1ebb088a0a84c198bda432c2ed635a5	tests/browser/critical-flows.spec.mjs@f68c70c82576a5a93b99a11f0be7f1fa393818fc	PATH_HASH_VERIFIED_AT_FROZEN_HEAD	NOT_VERIFIED
D-S10	P10542-P10545	Audit Viewer	06_PRODUCT	P2_CANDIDATE	C-API-LAW	apps/web/app/audit/page.tsx@506f58e6e0ee01667ff09926be4958705f65d92e	tests/browser/critical-flows.spec.mjs@f68c70c82576a5a93b99a11f0be7f1fa393818fc	PATH_HASH_VERIFIED_AT_FROZEN_HEAD	NOT_VERIFIED
D-S11	P10546-P10549	Owner Controls	06_PRODUCT	P2_CANDIDATE	C-API-LAW	apps/web/app/owner/page.tsx@0e21af99beaec63b5e5f87fbc7f6fc5db0dfcdb9	tests/browser/critical-flows.spec.mjs@f68c70c82576a5a93b99a11f0be7f1fa393818fc	PATH_HASH_VERIFIED_AT_FROZEN_HEAD	NOT_VERIFIED
D-S12	P10550-P10553	I-Don't-Know Mode	06_PRODUCT	P2_CANDIDATE	C-API-LAW	apps/web/app/unknown/page.tsx@3b0bbe3afe24340f73c6603386322dec4fb413b5	tests/browser/critical-flows.spec.mjs@f68c70c82576a5a93b99a11f0be7f1fa393818fc	PATH_HASH_VERIFIED_AT_FROZEN_HEAD	NOT_VERIFIED
D-LAYOUT	P10554-P10580	Per-screen layout contract	06_PRODUCT	P2_CANDIDATE	C-API-LAW	apps/web/app/layout.tsx@198705dd179a4df5b01aace4ae926ca36ccefbc2;apps/web/components/LayoutInner.tsx@54058f6703476345c6e4be4ed25fdaec582ef110	tests/contract/doc-d-actions.test.ts@0f14af6be521d2fc3ac86a57af1c5614300d8d76	PATH_HASH_VERIFIED_AT_FROZEN_HEAD	NOT_VERIFIED
D-COMP01	P10583-P10583	StatusChip	06_PRODUCT	P2_CANDIDATE	C-API-LAW	apps/web/components/StatusChip.tsx@76d59895f4d510d7d05ae254e7fe4cdd264e039e	tests/contract/doc-d-component-inventory.test.ts@ca5e90045b94662641624a846055be842cec2454	PATH_HASH_VERIFIED_AT_FROZEN_HEAD	NOT_VERIFIED
D-COMP02	P10584-P10584	ModeTabs	06_PRODUCT	P2_CANDIDATE	C-API-LAW	apps/web/components/ModeTabs.tsx@7ace6062dd635b5cd296289f624292f65e7a6404	tests/contract/doc-d-component-inventory.test.ts@ca5e90045b94662641624a846055be842cec2454	PATH_HASH_VERIFIED_AT_FROZEN_HEAD	NOT_VERIFIED
D-COMP03	P10585-P10585	DirectiveInput	06_PRODUCT	P2_CANDIDATE	C-API-LAW	apps/web/components/DirectiveInput.tsx@a93f3f3cc35cbaabd863ca79f3a0fa48cc50a14a	tests/contract/doc-d-component-inventory.test.ts@ca5e90045b94662641624a846055be842cec2454	PATH_HASH_VERIFIED_AT_FROZEN_HEAD	NOT_VERIFIED
D-COMP04	P10586-P10586	ConstraintPanel	06_PRODUCT	P2_CANDIDATE	C-API-LAW	apps/web/components/ConstraintPanel.tsx@897878624f2476d019a7f699caecaf6e4bb66494	tests/contract/doc-d-component-inventory.test.ts@ca5e90045b94662641624a846055be842cec2454	PATH_HASH_VERIFIED_AT_FROZEN_HEAD	NOT_VERIFIED
D-COMP05	P10587-P10587	SubmitButton	06_PRODUCT	P2_CANDIDATE	C-API-LAW	apps/web/components/SubmitButton.tsx@796a7f70e15e6e4098357286bf2eadc78e6bc4bc	tests/contract/doc-d-component-inventory.test.ts@ca5e90045b94662641624a846055be842cec2454	PATH_HASH_VERIFIED_AT_FROZEN_HEAD	NOT_VERIFIED
D-COMP06	P10588-P10588	FreezeBanner	06_PRODUCT	P2_CANDIDATE	C-API-LAW	apps/web/components/FreezeBanner.tsx@1376d9a12c24226728a02dec4881f9a545185dc3	tests/contract/doc-d-component-inventory.test.ts@ca5e90045b94662641624a846055be842cec2454	PATH_HASH_VERIFIED_AT_FROZEN_HEAD	NOT_VERIFIED
D-COMP07	P10589-P10589	IncidentCard	06_PRODUCT	P2_CANDIDATE	C-API-LAW	apps/web/components/IncidentCard.tsx@077468a06a2c33fbec823ae077fe9238f377fb87	tests/contract/doc-d-component-inventory.test.ts@ca5e90045b94662641624a846055be842cec2454	PATH_HASH_VERIFIED_AT_FROZEN_HEAD	NOT_VERIFIED
D-COMP08	P10590-P10590	RevisionTable	06_PRODUCT	P2_CANDIDATE	C-API-LAW	apps/web/components/RevisionTable.tsx@99be2a98a7bd4e9ccaa7fd627a6fcdf2a02ec0ac	tests/contract/doc-d-component-inventory.test.ts@ca5e90045b94662641624a846055be842cec2454	PATH_HASH_VERIFIED_AT_FROZEN_HEAD	NOT_VERIFIED
D-COMP09	P10591-P10591	AuditTable	06_PRODUCT	P2_CANDIDATE	C-API-LAW	apps/web/components/AuditTable.tsx@c88df96305e075aeabd92e81526e14473bff65be	tests/contract/doc-d-component-inventory.test.ts@ca5e90045b94662641624a846055be842cec2454	PATH_HASH_VERIFIED_AT_FROZEN_HEAD	NOT_VERIFIED
D-COMP10	P10592-P10592	EmptyStateCard	06_PRODUCT	P2_CANDIDATE	C-API-LAW	apps/web/components/EmptyStateCard.tsx@15357f67a97bdccd479636d1e5678ea2f0331cb8	tests/contract/doc-d-component-inventory.test.ts@ca5e90045b94662641624a846055be842cec2454	PATH_HASH_VERIFIED_AT_FROZEN_HEAD	NOT_VERIFIED
D-COMP11	P10593-P10593	PermissionGate	06_PRODUCT	P2_CANDIDATE	C-API-LAW	apps/web/components/PermissionGate.tsx@240813a4c76f58312b1199825ae22faca3f70bfa	tests/contract/doc-d-component-inventory.test.ts@ca5e90045b94662641624a846055be842cec2454	PATH_HASH_VERIFIED_AT_FROZEN_HEAD	NOT_VERIFIED
D-COMP12	P10594-P10594	OwnerActionBar	06_PRODUCT	P2_CANDIDATE	C-API-LAW	apps/web/components/OwnerActionBar.tsx@97d740eea5873c49f3e0be47d7873fd14b4eb0fb	tests/contract/doc-d-component-inventory.test.ts@ca5e90045b94662641624a846055be842cec2454	PATH_HASH_VERIFIED_AT_FROZEN_HEAD	NOT_VERIFIED
D-COMP13	P10595-P10595	LoadingSkeleton	06_PRODUCT	P2_CANDIDATE	C-API-LAW	apps/web/components/LoadingSkeleton.tsx@bd5b6dcdc6cf73fe8e4b4bdc78b17e45c94ce474	tests/contract/doc-d-component-inventory.test.ts@ca5e90045b94662641624a846055be842cec2454	PATH_HASH_VERIFIED_AT_FROZEN_HEAD	NOT_VERIFIED
D-COMP14	P10596-P10596	TrustExplainer	06_PRODUCT	P2_CANDIDATE	C-API-LAW	apps/web/components/TrustExplainer.tsx@3e2e5f4030096aab7feae5c1f4da6a9e4430b697	tests/contract/doc-d-component-inventory.test.ts@ca5e90045b94662641624a846055be842cec2454	PATH_HASH_VERIFIED_AT_FROZEN_HEAD	NOT_VERIFIED
D-TABLES	P10597-P10616	Table definitions	06_PRODUCT	P2_CANDIDATE	C-API-LAW	apps/web/components/RevisionTable.tsx@99be2a98a7bd4e9ccaa7fd627a6fcdf2a02ec0ac;apps/web/components/AuditTable.tsx@c88df96305e075aeabd92e81526e14473bff65be	tests/contract/doc-d-component-inventory.test.ts@ca5e90045b94662641624a846055be842cec2454	PATH_HASH_VERIFIED_AT_FROZEN_HEAD	NOT_VERIFIED
D-FORMS	P10617-P10649	Form field contract	06_PRODUCT	P2_CANDIDATE	C-API-LAW	apps/web/components/DirectiveInput.tsx@a93f3f3cc35cbaabd863ca79f3a0fa48cc50a14a;apps/web/components/OtacLoginForm.tsx@8fc42e167469e82e33a0831de3cf602c023d7b7c	tests/contract/doc-d-validation-copy.test.ts@d71b0bd83db2906a0502abbb1bf21ca588988998	PATH_HASH_VERIFIED_AT_FROZEN_HEAD	NOT_VERIFIED
D-VALIDATION	P10650-P10659	Validation messages	06_PRODUCT	P2_CANDIDATE	C-API-LAW	packages/validation/directive.schema.ts@163484bc698865acddc4f8f0e45f74c80f6d41ac;apps/web/components/DirectiveInput.tsx@a93f3f3cc35cbaabd863ca79f3a0fa48cc50a14a	tests/contract/doc-d-validation-copy.test.ts@d71b0bd83db2906a0502abbb1bf21ca588988998	PATH_HASH_VERIFIED_AT_FROZEN_HEAD	NOT_VERIFIED
D-VISIBILITY	P10660-P10684	Permission matrix	06_PRODUCT	P2_CANDIDATE	C-API-LAW	apps/web/components/PermissionGate.tsx@240813a4c76f58312b1199825ae22faca3f70bfa;apps/web/lib/mode-guard.ts@3391a429c9e80ee2c7fe174aea7ee1444cc08e7d	tests/contract/ui-truth-boundary.test.ts@cbbfafe55ee7f9ada2991a695f2fcc62091dd18b	PATH_HASH_VERIFIED_AT_FROZEN_HEAD	NOT_VERIFIED
D-RESPONSIVE	P10685-P10696	Mobile/desktop	06_PRODUCT	P2_CANDIDATE	C-API-LAW	apps/web/app/globals.css@45ad9ec80ad8e25e6e9c23401deaa2c2b87e5b6f;apps/web/app/layout.tsx@198705dd179a4df5b01aace4ae926ca36ccefbc2	tests/browser/critical-flows.spec.mjs@f68c70c82576a5a93b99a11f0be7f1fa393818fc	PATH_HASH_VERIFIED_AT_FROZEN_HEAD	NOT_VERIFIED
D-LOADING	P10697-P10701	Loading skeleton	06_PRODUCT	P2_CANDIDATE	C-API-LAW	apps/web/components/LoadingSkeleton.tsx@bd5b6dcdc6cf73fe8e4b4bdc78b17e45c94ce474	tests/contract/doc-d-component-inventory.test.ts@ca5e90045b94662641624a846055be842cec2454	PATH_HASH_VERIFIED_AT_FROZEN_HEAD	NOT_VERIFIED
D-EMPTY	P10702-P10708	Empty state	06_PRODUCT	P2_CANDIDATE	C-API-LAW	apps/web/components/EmptyStateCard.tsx@15357f67a97bdccd479636d1e5678ea2f0331cb8	tests/contract/doc-d-validation-copy.test.ts@d71b0bd83db2906a0502abbb1bf21ca588988998	PATH_HASH_VERIFIED_AT_FROZEN_HEAD	NOT_VERIFIED
D-FIRST	P10709-P10715	First session walkthrough	06_PRODUCT	P2_CANDIDATE	C-API-LAW	apps/web/components/TrustExplainer.tsx@3e2e5f4030096aab7feae5c1f4da6a9e4430b697	tests/browser/critical-flows.spec.mjs@f68c70c82576a5a93b99a11f0be7f1fa393818fc	PATH_HASH_VERIFIED_AT_FROZEN_HEAD	NOT_VERIFIED
D-TRUST	P10716-P10722	Trust-building loop	06_PRODUCT	P2_CANDIDATE	C-API-LAW	apps/web/components/TrustExplainer.tsx@3e2e5f4030096aab7feae5c1f4da6a9e4430b697	tests/contract/ui-truth-boundary.test.ts@cbbfafe55ee7f9ada2991a695f2fcc62091dd18b	PATH_HASH_VERIFIED_AT_FROZEN_HEAD	NOT_VERIFIED
ST-ENUM	P10723-P10729	Storage enum	02_STORAGE	P0_CANDIDATE	C-TYPES;C-ENVELOPE	prisma/schema.prisma@be1cbe1481829a2c95b6599929abc86829f37667	tests/contract/raw-sql-schema-alignment.test.ts@4c1bba30e78da0e7a7568df46e75299082d281d7	PATH_HASH_VERIFIED_AT_FROZEN_HEAD	NOT_VERIFIED
ST-UNIQUE	P10730-P10738	Unique constraints	02_STORAGE	P0_CANDIDATE	C-TYPES;C-ENVELOPE	prisma/schema.prisma@be1cbe1481829a2c95b6599929abc86829f37667	tests/contract/storage-fk-contract.test.ts@0f08c026b2fa22a7673d3094f6326125a296c5ee	PATH_HASH_VERIFIED_AT_FROZEN_HEAD	NOT_VERIFIED
ST-FK	P10739-P10747	FK and cascade policies	02_STORAGE	P0_CANDIDATE	C-TYPES;C-ENVELOPE	prisma/schema.prisma@be1cbe1481829a2c95b6599929abc86829f37667	tests/contract/storage-fk-contract.test.ts@0f08c026b2fa22a7673d3094f6326125a296c5ee	PATH_HASH_VERIFIED_AT_FROZEN_HEAD	NOT_VERIFIED
ST-SOFT	P10748-P10781	Soft delete	02_STORAGE	P0_CANDIDATE	C-TYPES;C-ENVELOPE	packages/storage/soft-delete.ts@0ba532f1efb01cfa7d0cde599a37468339c234cb	tests/contract/storage-soft-delete.test.ts@f6695affdf5d8fdce247084d9f1e57f622b2f010	PATH_HASH_VERIFIED_AT_FROZEN_HEAD	NOT_VERIFIED
ST-REV	P10782-P10798	Versioning and atomicity	02_STORAGE	P0_CANDIDATE	C-TYPES;C-ENVELOPE	packages/vault/versioning.ts@92f5ec38c3076e4fac084e1c28780d5738f86758;packages/vault/integrity.ts@ef19ee7c71a24825208ad6e40d210868437b3671	tests/contract/vault-revision-monotonic.test.ts@a23b9f09b7d51b45b5359735abfd59984c7e509e	PATH_HASH_VERIFIED_AT_FROZEN_HEAD	NOT_VERIFIED
ST-ARCHIVE	P10799-P10817	Restore, blob retention and archival	02_STORAGE	P0_CANDIDATE	C-TYPES;C-ENVELOPE	packages/storage/lifecycle.ts@efbba775f08f8175dad34e7a5cc79e5ecaaceb78;packages/api/cold-snapshot.ts@21cd1d12d3db04ad7775144adddb2cd05cf56c86	tests/contract/cold-archive-snapshot.test.ts@8a70e3260f4f194e055e17cb6acded547ec878f5	PATH_HASH_VERIFIED_AT_FROZEN_HEAD	NOT_VERIFIED
ST-QUERY	P10818-P10835	Index and query patterns	02_STORAGE	P0_CANDIDATE	C-TYPES;C-ENVELOPE	packages/storage/query-patterns.ts@59136573fcec778977f7902f043413362d08896b;prisma/schema.prisma@be1cbe1481829a2c95b6599929abc86829f37667	tests/contract/storage-query-patterns.test.ts@ab1c92a06c053f9c19a070f4f699416b06bccf19	PATH_HASH_VERIFIED_AT_FROZEN_HEAD	NOT_VERIFIED
AUTH-SESSION	P10836-P10852	Auth classification, invalidation and session limits	03_AUTH	P0_CANDIDATE	C-DEFAULTS;C-ENVELOPE	packages/auth/session.ts@285d2bea32a66420333357cfde51e0728834951e;packages/auth/device-binding.ts@04b6e9b0b63b4ff9cc61bd65000f0b316a6d9bf4	tests/contract/auth-fail-closed-boundary.test.ts@1ac1e0f2eae6e92ae1b33f5a081f1bf4bb89b174	PATH_HASH_VERIFIED_AT_FROZEN_HEAD	NOT_VERIFIED
AUTH-OTAC	P10853-P10864	OTAC replay and brute force	03_AUTH	P0_CANDIDATE	C-DEFAULTS;C-ENVELOPE	packages/auth/otac.ts@bb6134ab1946c8cfa8f130eb7eea5a777d02c58e;packages/auth/security-runtime.ts@57190744bdc72ac841e6e2980376c70a66186745	tests/integration/auth/rapid-retry-abuse.spec.ts@ed09b2bb58f670e2fe7436ac821cf9d021017601	PATH_HASH_VERIFIED_AT_FROZEN_HEAD	NOT_VERIFIED
AUTH-COOKIE	P10865-P10883	Metadata and cookie renewal	03_AUTH	P0_CANDIDATE	C-DEFAULTS;C-ENVELOPE	packages/auth/session.ts@285d2bea32a66420333357cfde51e0728834951e;packages/api/session-refresh.ts@e425e840b0e9e44febfd3aa6bb56ca7bd633e595	tests/integration/auth/session-refresh.spec.ts@dad590341f25031d58e8528c460486c7a067ec8c	PATH_HASH_VERIFIED_AT_FROZEN_HEAD	NOT_VERIFIED
AUTH-AUDIT	P10884-P10916	Auth security log and escalation	03_AUTH	P0_CANDIDATE	C-DEFAULTS;C-ENVELOPE	packages/auth/security-incident.ts@942473739aa3dfe04d0dc595f3e92f8e8f665e45;packages/obs/audit-log.ts@f1cae86b9b3f9c58a603b763d2ec079dd92aa1d7	tests/contract/auth-security-incident.test.ts@3c911f5eb8919c9b677aaad148d0d652b24a06f4	PATH_HASH_VERIFIED_AT_FROZEN_HEAD	NOT_VERIFIED
E-LAW	P10917-P10924	DOC-E evidence and deploy gate	07_RELEASE	P2_CANDIDATE	C-ENVELOPE;C-INCIDENT	scripts/doc-e/verify-doc-e.ts@a9c9ea6dbff6bdea0ad3d74b2f379ce0996669f3	tests/contract/doc-e-verifier.test.ts@ca4bf106af9b94e6e604de66887a58edc756a42f	PATH_HASH_VERIFIED_AT_FROZEN_HEAD	NOT_VERIFIED
E1	P10925-P10926	DOC-E E1: Contract report	07_RELEASE	P2_CANDIDATE	C-ENVELOPE;C-INCIDENT	docs/evidence/current/E01-contract-test-report.md@2db804e9af32313a91334439434b2ad9fd9f9eb6	tests/contract/doc-e-evidence.test.ts@542c4b3fdb5e454ea1b18edc7ff970b091ae8f96	PATH_HASH_VERIFIED_AT_FROZEN_HEAD	NOT_VERIFIED
E2	P10927-P10928	DOC-E E2: API schema	07_RELEASE	P2_CANDIDATE	C-ENVELOPE;C-INCIDENT	docs/evidence/current/E02-api-schema-snapshot.md@99019c22e899866fcd0e2a5f1e527b74ca373b38	tests/contract/doc-e-api-schema-snapshot.test.ts@c2be0c77f3de7a4cdb11f9d18ba4941539c7859d	PATH_HASH_VERIFIED_AT_FROZEN_HEAD	NOT_VERIFIED
E3	P10929-P10930	DOC-E E3: Migration+rollback	07_RELEASE	P2_CANDIDATE	C-ENVELOPE;C-INCIDENT	docs/evidence/current/E03-migration-roundtrip.md@337f5acaab8ab57bc88905d9b3e31606fc00b3d4	tests/contract/doc-e-e3-migration-roundtrip.test.ts@ea83d33c0d67c1a1982cb870d9c2a3fa4e7f3f26	PATH_HASH_VERIFIED_AT_FROZEN_HEAD	NOT_VERIFIED
E4	P10931-P10932	DOC-E E4: FSM	07_RELEASE	P2_CANDIDATE	C-ENVELOPE;C-INCIDENT	docs/evidence/current/E04-state-machine.md@28f76e7161ec020c9c8e68d391e71cc85c4e22ab	tests/contract/state-matrix.test.ts@9459dbee70b75631b1d0204110116aa2e4be6239	PATH_HASH_VERIFIED_AT_FROZEN_HEAD	NOT_VERIFIED
E5	P10933-P10934	DOC-E E5: RBAC	07_RELEASE	P2_CANDIDATE	C-ENVELOPE;C-INCIDENT	docs/evidence/current/E05-rbac-tests.md@b7e1f91695591eb36a4ac0b98f6b8fea14700db7	tests/contract/canonical-api.test.ts@1d90692030c4b8ccd0e089150cec21e9d7d803ba	PATH_HASH_VERIFIED_AT_FROZEN_HEAD	NOT_VERIFIED
E6	P10935-P10936	DOC-E E6: Auth abuse	07_RELEASE	P2_CANDIDATE	C-ENVELOPE;C-INCIDENT	docs/evidence/current/E06-auth-abuse.md@58cd783406758ecf492415ceca1ec442c499bd70	tests/integration/auth/rapid-retry-abuse.spec.ts@ed09b2bb58f670e2fe7436ac821cf9d021017601	PATH_HASH_VERIFIED_AT_FROZEN_HEAD	NOT_VERIFIED
E7	P10937-P10938	DOC-E E7: Queue worker	07_RELEASE	P2_CANDIDATE	C-ENVELOPE;C-INCIDENT	docs/evidence/current/E07-queue-worker-readiness.md@3a71d811ec15559e86a46413aad3bc565996bf63	tests/contract/doc-e-e7-e8-evidence.test.ts@c06f20e688fd3b8709eaf2e333d1f772b26283d1	PATH_HASH_VERIFIED_AT_FROZEN_HEAD	NOT_VERIFIED
E8	P10939-P10940	DOC-E E8: Observability	07_RELEASE	P2_CANDIDATE	C-ENVELOPE;C-INCIDENT	docs/evidence/current/E08-observability-alarm.md@003e624daae4b5275a9bd8dcdc02199861c830c2	tests/contract/observability-alarm-wiring.test.ts@a36e0b0565ffad860164f4cde6209a7a20501d96	PATH_HASH_VERIFIED_AT_FROZEN_HEAD	NOT_VERIFIED
E9	P10941-P10942	DOC-E E9: Incident drill	07_RELEASE	P2_CANDIDATE	C-ENVELOPE;C-INCIDENT	docs/evidence/current/E09-incident-drill.md@356682bc10af25dccb5cd607d9365fb42375ffbb	tests/contract/doc-e-e9-incident-lifecycle.test.ts@114972c7d87f3693ef5a493e55c68ba6300a22d1	PATH_HASH_VERIFIED_AT_FROZEN_HEAD	NOT_VERIFIED
E10	P10943-P10944	DOC-E E10: Runbook	07_RELEASE	P2_CANDIDATE	C-ENVELOPE;C-INCIDENT	docs/evidence/current/E10-deploy-runbook.md@5bf27b0bcc8fab3d40d73d23b458fdba897ac1c7	tests/contract/doc-e-e10-e12-external-gates.test.ts@717fc2e6472749eaa7b80fbef99be45eb801f224	PATH_HASH_VERIFIED_AT_FROZEN_HEAD	NOT_VERIFIED
E11	P10945-P10946	DOC-E E11: Signoff	07_RELEASE	P0_CANDIDATE	C-ENVELOPE;C-INCIDENT	docs/evidence/current/E11-release-signoff.md@096b354dc493d4526f8f4770b61c555a594b3ac8	tests/contract/doc-e-e10-e12-external-gates.test.ts@717fc2e6472749eaa7b80fbef99be45eb801f224	PATH_HASH_VERIFIED_AT_FROZEN_HEAD	NOT_VERIFIED
E12	P10947-P10948	DOC-E E12: Rollback	07_RELEASE	P0_CANDIDATE	C-ENVELOPE;C-INCIDENT	docs/evidence/current/E12-rollback-execution.md@19849642e6898e232f99d6c03e2f9fae77a65c93	tests/contract/doc-e-e10-e12-external-gates.test.ts@717fc2e6472749eaa7b80fbef99be45eb801f224	PATH_HASH_VERIFIED_AT_FROZEN_HEAD	NOT_VERIFIED
E-FORMAT	P10949-P10999	Proof schema, release signoff and operational checks	07_RELEASE	P2_CANDIDATE	C-ENVELOPE;C-INCIDENT	packages/contracts/doc-e-evidence.ts@04310bf6f516d27304347bbcee4bc2bc83ffbc2f;scripts/doc-e/aggregate-evidence.ts@ea7ead246a345f04937ce0862f0847911d2211d3	tests/contract/doc-e-evidence.test.ts@542c4b3fdb5e454ea1b18edc7ff970b091ae8f96	PATH_HASH_VERIFIED_AT_FROZEN_HEAD	NOT_VERIFIED
