# NEXY V7 evidence-first candidate queue, not defect or PASS register
# Product HEAD frozen when mapped: 58b1200bd61b867e917057d0019eea78ea9f6b2a
# Route candidates to original byte-verified DOCX, live HEAD and source before any patch
# status VERIFY_NEEDED for all; implementation may only follow actual reproduced mismatch
priority	subsystem	spec_anchor_candidates	code_paths	test_paths	initial_evidence_to_investigate	next_action	status
P0	OTAC negative-case regression	P10039-P10105	packages/auth/otac.ts;packages/auth/security-runtime.ts;packages/api/auth.ts	tests/contract/otac-alphabet.test.ts;tests/integration/auth/rapid-retry-abuse.spec.ts	Historical EX018 reported 3 negative-case failures; reproduce actual inputs on live HEAD before repair	REPRODUCE	VERIFY_NEEDED
P0	Canonical JSON and hash consumer boundary	P9950-P10038	packages/core/canonical-json.ts;packages/api/directives.ts;packages/api/live-config.ts	tests/contract/ex017-canonical-failclosed.test.ts;tests/contract/ex017-consumer-hash-shapes.test.ts	Search all hash consumers, verify same payload semantics and hostile getter domain	TRACE_AND_TEST	VERIFY_NEEDED
P0	Authorization session/device binding	P10039-P10152;P10836-P10916	packages/auth/session.ts;packages/auth/device-binding.ts;packages/auth/csrf.ts	tests/contract/auth-fail-closed-boundary.test.ts;tests/contract/owner-session-cap-confirmation.test.ts	Cross-check session TTL, max session concurrency, logout/replay/device-binder runtime	TRACE_AND_TEST	VERIFY_NEEDED
P0	Queue dispatch CAS/idempotency race	P10153-P10221;P10486-P10499	packages/queue/dispatch.ts;packages/queue/jobs.ts;packages/queue/workers.ts	tests/contract/failed-dispatch-retry.test.ts;tests/contract/queue-active-cancellation-wiring.test.ts	Reproduce concurrent duplicate enqueue, stale revision and crash-replay semantics	TRACE_AND_TEST	VERIFY_NEEDED
P0	Freeze/recover event and incident linkage	P10353-P10499	packages/law/freeze.ts;packages/obs/incidents.ts;packages/obs/event-log.ts	tests/contract/freeze-recovery-audit.test.ts;tests/contract/pipeline-failure-incident-linkage.test.ts	Observe persisted primary and secondary incident, EventLog and AuditLog in one recovery lifecycle	TRACE_AND_TEST	VERIFY_NEEDED
P0	Release signoff fail-closed	P10014-P10025;P10917-P10999	packages/orch-core/release-policy.ts;scripts/evidence-attestation.ts;.github/workflows/deploy.yml	tests/contract/release-attestation.test.ts;tests/contract/release-spine.test.ts	Investigate intentional NON_DEPLOYABLE producer and deployment verifier; NEVER weaken gate	TRACE_AND_TEST	VERIFY_NEEDED
P1	CI runner diagnostic actual cause	P10917-P10999	.github/workflows/deploy.yml;.github/workflows/omega-runner-diagnostic.yml	tests/contract/doc-e-external-blockers.test.ts	Historical failed jobs without step logs; distinguish provider runner from test failures; no dispatch without permission	DIAGNOSE	VERIFY_NEEDED
P1	FSM and Rust/TypeScript parity	P10353-P10499	packages/core/vnext-state-matrix.ts;core-kernel/src/kernel/vnext_matrix.rs	tests/contract/core-kernel-vnext-parity.test.ts;tests/contract/state-matrix.test.ts	Test illegal/timeout/recover transition parity and deterministic result	TRACE_AND_TEST	VERIFY_NEEDED
P1	Multi-agent adapter schema and timeout	P9886-P9909;P9910-P9949	packages/swarm/pipeline.ts;packages/swarm/agent-response.ts;packages/swarm/adapters/contract.ts	tests/contract/agent-adapter-contract.test.ts;tests/contract/swarm-timeouts.test.ts	Hostile provider schema errors, partial failure and deterministic fail-closed handling	TRACE_AND_TEST	VERIFY_NEEDED
P1	Vault revision/restore integrity	P10269-P10330;P10782-P10817	packages/vault/versioning.ts;packages/vault/integrity.ts;packages/storage/lifecycle.ts	tests/contract/vault-revision-monotonic.test.ts;tests/contract/vault-integrity-chain.test.ts	Prove monotonic revisions, rollback, corruption handling, no unauthorized hard delete	TRACE_AND_TEST	VERIFY_NEEDED
P1	Prisma constraints and migrations	P10723-P10835	prisma/schema.prisma;packages/storage/query-patterns.ts	tests/contract/storage-fk-contract.test.ts;tests/contract/migration-rollback-contract.test.ts	Validate unique constraints, FK, migration reversibility on disposable DB	TRACE_AND_TEST	VERIFY_NEEDED
P1	Backend API truth/RBAC	P10026-P10352	packages/api/canonical.ts;packages/validation/api.schema.ts	tests/contract/canonical-api.test.ts;tests/contract/api-hostile-input-boundary.test.ts	Prove boundary guards and exact envelopes against actual API handler tests	TRACE_AND_TEST	VERIFY_NEEDED
P2	DOC-D screen interaction correctness	P10500-P10722	apps/web/components/PermissionGate.tsx;apps/web/lib/mode-guard.ts;apps/web/components/DirectiveInput.tsx	tests/contract/doc-d-actions.test.ts;tests/browser/critical-flows.spec.mjs	Screen presence is only path match; test visible controls, real RBAC and backend state	TRACE_AND_TEST	VERIFY_NEEDED
P1	Release evidence E1-E12	P10917-P10999	scripts/doc-e/verify-doc-e.ts;docs/evidence/current/E11-release-signoff.md	tests/contract/doc-e-verifier.test.ts;tests/contract/doc-e-e10-e12-external-gates.test.ts	Per-proof exact SHA and environment, gate results and authorized signoff; no fabricated PASS	DIAGNOSE	VERIFY_NEEDED
