finding,old,current,evidence,execution,note
L005,VERIFIED old OS-clock defect resolved,CONFIRMED_RESOLVED_STATIC,packages/core/tick.ts @ ae49beb4f63d0defd3347a2a59d51ebffac05da2,NOT_VERIFIED_BY_GHA,Core tick contains no wall-clock read and separates TSA batch time.
L006,CLOCK-SCOPE-FROZEN,STILL_OPEN,spec p4686-4693 vs p6312-6317,N/A,TSA-only Core law and G19 Invariant-TSC authority need explicit scope/precedence.
L007,currentTick used as milliseconds in LO2/I/O,STATICALLY_REPAIRED_WITH_RESIDUAL_WIRING_UNKNOWN,packages/core/tick.ts; phase-f/lo2/federation.ts; phase-f/resilience/io-law.ts,NOT_VERIFIED_BY_GHA,Elapsed-time consumers now use currentTsaBatchTimeMs(); production injectTsaBatchTime wiring not proven by repository search.
L008,static determinism checker incomplete,STATICALLY_REPAIRED,scripts/check-static-determinism.ts; tests/contract/static-determinism-gate.test.ts,NOT_VERIFIED_BY_GHA,Authoritative Phase-F roots added; scanRepository end-to-end test added.
L009,exact-head CI 0/4 success,STILL_RELEASE_BLOCKED,"GHA runs 37221779611, 37221779675, 37221779512, 37221779533, 37221779594",BLOCKED,"Jobs fail with runner_id=0, runner_name empty, steps=[]; do not infer assertion failures."
L012,localeCompare equivalence unresolved,STATICALLY_REPAIRED,packages/core/canonical-order.ts + canonical-order.test.ts + changed authoritative consumers,NOT_VERIFIED_BY_GHA,Comparator directly orders Unicode scalar values independent of host locale.
L013,workflow branch patterns + branch protection gap,WORKFLOW_PATTERN_REPAIRED_PROTECTION_UNKNOWN,.github/workflows/deploy.yml branches=[NEXY.ai]; branch protection read=403,N/A,Rulesets/protection enforcement remains unverified.
L014,72/301 not reproducible; conservative 66/301 inherited proof,MUST_REBASE_MATRIX,current repository materially advanced beyond old matrix,N/A,Do not reuse old completion percentage.
ROW262,MISSING global anchor 5-region 3/5,STATIC_EVIDENCE_FOUND,packages/phase-f/sovereign/global-anchor.ts + tests/integration/global-anchor.spec.ts,NOT_VERIFIED_BY_GHA,Fixed 5-region policy and >=3 verified signatures present.
ROW263,MISSING dual-source TSA/chain time 2-of-3,STATIC_EVIDENCE_FOUND,packages/phase-f/universe/global-lifecycle.ts + global-anchor.ts,NOT_VERIFIED_BY_GHA,3 TSA set and 2-signature requirement present.
ROW264,MISSING anchor publication FSM,STATIC_EVIDENCE_FOUND,packages/phase-f/sovereign/global-anchor.ts,NOT_VERIFIED_BY_GHA,Publication FSM through FINALIZED present.
ROW270,PARTIAL exact dual-signature PermissionGrant absent,STATIC_EVIDENCE_FOUND,packages/phase-f/universe/cross-app.ts + tests/integration/universe-extensions.spec.ts,NOT_VERIFIED_BY_GHA,Explicit dual Ed25519 signatures and rejection test found.
ROW271,MISSING public-mode lifecycle,STATIC_EVIDENCE_FOUND,packages/phase-f/universe/creator-fabric.ts + universe-extensions tests,NOT_VERIFIED_BY_GHA,private/invite/public/marketplace modes present.
ROW273,MISSING deterministic escrow,STATIC_EVIDENCE_FOUND,packages/phase-f/economy/constitutional-economy.ts + economy tests,NOT_VERIFIED_BY_GHA,Deterministic escrow represented.
ROW274,MISSING immutable revenue share,STATIC_EVIDENCE_FOUND,packages/phase-f/economy/constitutional-economy.ts + economy tests,NOT_VERIFIED_BY_GHA,Q64 revenue split rules/tests found.
ROW278,MISSING bond + fee floor,STATIC_EVIDENCE_FOUND,constitutional-economy.ts + economy-lifecycle-product-expansion.spec.ts,NOT_VERIFIED_BY_GHA,Marketplace bond + fee floor found.
ROW279,MISSING finality after FINALIZED anchor,STATIC_EVIDENCE_FOUND,constitutional-economy.ts + economy tests,NOT_VERIFIED_BY_GHA,Finalized anchor batch API/replay guard found.
ROW258,MISSING independent safety MCU / physical kill switch,STATIC_CODE_FOUND_PHYSICAL_PROOF_MISSING,packages/phase-f/robotics/firmware/safety_mcu.[ch] + host execution proof,PHYSICAL_DEPLOYMENT_NOT_PROVEN,Repository cannot prove physical independence.
ROW260,MISSING Python L1o prototype,STATIC_EVIDENCE_FOUND,packages/phase-f/robotics/prototypes/l1o_logic_engine.py,NOT_VERIFIED_BY_GHA,Old negative claim is stale.
