TYPE	ID	SPEC_P1_BASED	NAME	SOURCE_PATH	GIT_BLOB	CURRENT_PRODUCT_HEAD	PROOF_LEVEL	ACTUAL_UI_TEST_EXIT
SCREEN	S1	P10506	Front Door	apps/web/app/page.tsx	a307266a408c46d009b739afa6af684cd911e314	8ed9af89f68fb82f60d4a4f5ccbc06005ce91992	PATH_EXISTS_UNTESTED	NOT_RUN
SCREEN	S2	P10510	OTAC Verify	apps/web/app/login/page.tsx	597a6539473e161b4a7217f09c1345270f290719	8ed9af89f68fb82f60d4a4f5ccbc06005ce91992	PATH_EXISTS_UNTESTED	NOT_RUN
SCREEN	S3	P10514	Home / Front	apps/web/app/page.tsx	a307266a408c46d009b739afa6af684cd911e314	8ed9af89f68fb82f60d4a4f5ccbc06005ce91992	PATH_SHARED_WITH_S1_UNTESTED	NOT_RUN
SCREEN	S4	P10518	Directive Create	apps/web/app/directives/new/page.tsx	c5131bd3616f6d8aba7fb022570b9b11e848554b	8ed9af89f68fb82f60d4a4f5ccbc06005ce91992	PATH_EXISTS_UNTESTED	NOT_RUN
SCREEN	S5	P10522	Directive Detail	apps/web/app/directives/[id]/page.tsx	08ab4756adb7ecc2c42fab3882d2560b946c8e8c	8ed9af89f68fb82f60d4a4f5ccbc06005ce91992	PATH_EXISTS_UNTESTED	NOT_RUN
SCREEN	S6	P10526	Pipeline Run Detail	apps/web/app/runs/[id]/page.tsx	6f954de45fa8f6543f83b6f4d8d0ce5d543849db	8ed9af89f68fb82f60d4a4f5ccbc06005ce91992	PATH_EXISTS_UNTESTED	NOT_RUN
SCREEN	S7	P10530	Freeze Incident	apps/web/app/incidents/[id]/page.tsx	d2d23f97cc9400e99d1ed3c5f4fa6e336e594262	8ed9af89f68fb82f60d4a4f5ccbc06005ce91992	PATH_EXISTS_UNTESTED	NOT_RUN
SCREEN	S8	P10534	Artifact List	apps/web/app/vault/page.tsx	ce6eb1133f5692e5c8fee764499227a727b704be	8ed9af89f68fb82f60d4a4f5ccbc06005ce91992	PATH_EXISTS_UNTESTED	NOT_RUN
SCREEN	S9	P10538	Revision History	apps/web/app/vault/[id]/page.tsx	b041b4dca1ebb088a0a84c198bda432c2ed635a5	8ed9af89f68fb82f60d4a4f5ccbc06005ce91992	PATH_EXISTS_UNTESTED	NOT_RUN
SCREEN	S10	P10542	Audit Viewer	apps/web/app/audit/page.tsx	506f58e6e0ee01667ff09926be4958705f65d92e	8ed9af89f68fb82f60d4a4f5ccbc06005ce91992	PATH_EXISTS_UNTESTED	NOT_RUN
SCREEN	S11	P10546	Owner Control Panel	apps/web/app/owner/page.tsx	0e21af99beaec63b5e5f87fbc7f6fc5db0dfcdb9	8ed9af89f68fb82f60d4a4f5ccbc06005ce91992	PATH_EXISTS_UNTESTED	NOT_RUN
SCREEN	S12	P10550	I-Don't-Know Mode	apps/web/app/unknown/page.tsx	3b0bbe3afe24340f73c6603386322dec4fb413b5	8ed9af89f68fb82f60d4a4f5ccbc06005ce91992	PATH_EXISTS_UNTESTED	NOT_RUN
COMPONENT	StatusChip	P10583	StatusChip	apps/web/components/StatusChip.tsx	76d59895f4d510d7d05ae254e7fe4cdd264e039e	8ed9af89f68fb82f60d4a4f5ccbc06005ce91992	PATH_EXISTS_UNTESTED	NOT_RUN
COMPONENT	ModeTabs	P10584	ModeTabs	apps/web/components/ModeTabs.tsx	7ace6062dd635b5cd296289f624292f65e7a6404	8ed9af89f68fb82f60d4a4f5ccbc06005ce91992	PATH_EXISTS_UNTESTED	NOT_RUN
COMPONENT	DirectiveInput	P10585	DirectiveInput	apps/web/components/DirectiveInput.tsx	a93f3f3cc35cbaabd863ca79f3a0fa48cc50a14a	8ed9af89f68fb82f60d4a4f5ccbc06005ce91992	PATH_EXISTS_UNTESTED	NOT_RUN
COMPONENT	ConstraintPanel	P10586	ConstraintPanel	apps/web/components/ConstraintPanel.tsx	897878624f2476d019a7f699caecaf6e4bb66494	8ed9af89f68fb82f60d4a4f5ccbc06005ce91992	PATH_EXISTS_UNTESTED	NOT_RUN
COMPONENT	SubmitButton	P10587	SubmitButton	apps/web/components/SubmitButton.tsx	796a7f70e15e6e4098357286bf2eadc78e6bc4bc	8ed9af89f68fb82f60d4a4f5ccbc06005ce91992	PATH_EXISTS_UNTESTED	NOT_RUN
COMPONENT	FreezeBanner	P10588	FreezeBanner	apps/web/components/FreezeBanner.tsx	1376d9a12c24226728a02dec4881f9a545185dc3	8ed9af89f68fb82f60d4a4f5ccbc06005ce91992	PATH_EXISTS_UNTESTED	NOT_RUN
COMPONENT	IncidentCard	P10589	IncidentCard	apps/web/components/IncidentCard.tsx	077468a06a2c33fbec823ae077fe9238f377fb87	8ed9af89f68fb82f60d4a4f5ccbc06005ce91992	PATH_EXISTS_UNTESTED	NOT_RUN
COMPONENT	RevisionTable	P10590	RevisionTable	apps/web/components/RevisionTable.tsx	99be2a98a7bd4e9ccaa7fd627a6fcdf2a02ec0ac	8ed9af89f68fb82f60d4a4f5ccbc06005ce91992	PATH_EXISTS_UNTESTED	NOT_RUN
COMPONENT	AuditTable	P10591	AuditTable	apps/web/components/AuditTable.tsx	c88df96305e075aeabd92e81526e14473bff65be	8ed9af89f68fb82f60d4a4f5ccbc06005ce91992	PATH_EXISTS_UNTESTED	NOT_RUN
COMPONENT	EmptyStateCard	P10592	EmptyStateCard	apps/web/components/EmptyStateCard.tsx	15357f67a97bdccd479636d1e5678ea2f0331cb8	8ed9af89f68fb82f60d4a4f5ccbc06005ce91992	PATH_EXISTS_UNTESTED	NOT_RUN
COMPONENT	PermissionGate	P10593	PermissionGate	apps/web/components/PermissionGate.tsx	240813a4c76f58312b1199825ae22faca3f70bfa	8ed9af89f68fb82f60d4a4f5ccbc06005ce91992	PATH_EXISTS_UNTESTED	NOT_RUN
COMPONENT	OwnerActionBar	P10594	OwnerActionBar	apps/web/components/OwnerActionBar.tsx	97d740eea5873c49f3e0be47d7873fd14b4eb0fb	8ed9af89f68fb82f60d4a4f5ccbc06005ce91992	PATH_EXISTS_UNTESTED	NOT_RUN
COMPONENT	LoadingSkeleton	P10595	LoadingSkeleton	apps/web/components/LoadingSkeleton.tsx	bd5b6dcdc6cf73fe8e4b4bdc78b17e45c94ce474	8ed9af89f68fb82f60d4a4f5ccbc06005ce91992	PATH_EXISTS_UNTESTED	NOT_RUN
COMPONENT	TrustExplainer	P10596	TrustExplainer	apps/web/components/TrustExplainer.tsx	3e2e5f4030096aab7feae5c1f4da6a9e4430b697	8ed9af89f68fb82f60d4a4f5ccbc06005ce91992	PATH_EXISTS_UNTESTED	NOT_RUN
