ID	SYSTEM	CURRENT_STATUS	TESTED_HEAD	HISTORICAL_STATUS	HISTORICAL_HEAD	SOURCE	CURRENT_PROOF	CURRENT_SOURCE_BINDINGS	REVIEWED
AUTH-01	Authority	SPEC_SOURCE_ACCESS_BLOCKED	8b406a63f10aa1424225a80453393af2e4cb78b5	VERIFIED	9e615b04ecd1e9b8b5afcd5f812ea17bd78d4a43	DOCX SHA-256	Required DOCX unavailable locally and in Drive search; text copy is not a SHA-verified replacement. No authority contradiction was guessed away.	[]	true
AUTH-02	Authority	SPEC_SOURCE_ACCESS_BLOCKED	8b406a63f10aa1424225a80453393af2e4cb78b5	VERIFIED	9e615b04ecd1e9b8b5afcd5f812ea17bd78d4a43	DOC-C §§0-20	Required DOCX unavailable locally and in Drive search; text copy is not a SHA-verified replacement. No authority contradiction was guessed away.	[]	true
AUTH-03	Authority	SPEC_SOURCE_ACCESS_BLOCKED	8b406a63f10aa1424225a80453393af2e4cb78b5	MISMATCH	9e615b04ecd1e9b8b5afcd5f812ea17bd78d4a43	DOCX early auth vs DOC-C §2.3/§8	Required DOCX unavailable locally and in Drive search; text copy is not a SHA-verified replacement. No authority contradiction was guessed away.	[]	true
AUTH-04	Authority	CURRENT_VERIFIED	8b406a63f10aa1424225a80453393af2e4cb78b5	VERIFIED	9e615b04ecd1e9b8b5afcd5f812ea17bd78d4a43	NEXY.AI- AGENTS.md + frozen refs	Live GitHub branch NEXY.ai verified before remote writes; only fast-forward updates; no branch creation, merge, deletion, settings, billing, permission or secret mutation.	[]	true
CON-01	Contracts	CURRENT_NOT_VERIFIED	8b406a63f10aa1424225a80453393af2e4cb78b5	VERIFIED	9e615b04ecd1e9b8b5afcd5f812ea17bd78d4a43	packages/contracts/state.ts	Historical status retained only as provenance; complete current per-row normative comparison is not yet established. No historical VERIFIED promotion.	"[{""path"": ""packages/contracts/state.ts"", ""sha256"": ""fea29dddfa8da4b1d2cf9850814a6ab8690e54ac6ae777afda3a52ea4332bfe5""}]"	false
CON-02	Contracts	CURRENT_NOT_VERIFIED	8b406a63f10aa1424225a80453393af2e4cb78b5	VERIFIED	9e615b04ecd1e9b8b5afcd5f812ea17bd78d4a43	packages/contracts/envelope.ts	Historical status retained only as provenance; complete current per-row normative comparison is not yet established. No historical VERIFIED promotion.	"[{""path"": ""packages/contracts/envelope.ts"", ""sha256"": ""177054a32d25a30b2eb26bc44882c7c3f6370c460f111d8d8653e1e3be136e22""}]"	false
CON-03	Contracts	CURRENT_NOT_VERIFIED	8b406a63f10aa1424225a80453393af2e4cb78b5	VERIFIED	9e615b04ecd1e9b8b5afcd5f812ea17bd78d4a43	packages/contracts/directive.ts	Historical status retained only as provenance; complete current per-row normative comparison is not yet established. No historical VERIFIED promotion.	"[{""path"": ""packages/contracts/directive.ts"", ""sha256"": ""d5b362b7699f858e319128845293b1db587235c09c0ba58f00c28e2ed953ea38""}]"	false
CON-04	Contracts	CURRENT_NOT_VERIFIED	8b406a63f10aa1424225a80453393af2e4cb78b5	VERIFIED	9e615b04ecd1e9b8b5afcd5f812ea17bd78d4a43	packages/contracts/consensus.ts	Historical status retained only as provenance; complete current per-row normative comparison is not yet established. No historical VERIFIED promotion.	"[{""path"": ""packages/contracts/consensus.ts"", ""sha256"": ""f2677d21394e299d2cac3c1fa75b0a1ad19ec01c08f8371e4ca17789e17578c8""}]"	false
CON-05	Contracts	CURRENT_NOT_VERIFIED	8b406a63f10aa1424225a80453393af2e4cb78b5	VERIFIED	9e615b04ecd1e9b8b5afcd5f812ea17bd78d4a43	packages/contracts/release-policy.ts	Historical status retained only as provenance; complete current per-row normative comparison is not yet established. No historical VERIFIED promotion.	"[{""path"": ""packages/contracts/release-policy.ts"", ""sha256"": ""eb5fe18739c4a128813097bc00d8dde1ddf3971c388b4b26e7eb7239411a5f20""}]"	false
CON-06	Contracts	CURRENT_NOT_VERIFIED	8b406a63f10aa1424225a80453393af2e4cb78b5	VERIFIED	9e615b04ecd1e9b8b5afcd5f812ea17bd78d4a43	packages/contracts/errors.ts + incidents.ts	Historical status retained only as provenance; complete current per-row normative comparison is not yet established. No historical VERIFIED promotion.	"[{""path"": ""packages/contracts/errors.ts"", ""sha256"": ""709fa99537b57d435aee55431a97f4ad5d0f65a01442e7e3fb8f7e74932a4bab""}]"	false
CFG-01	Configuration	CURRENT_VERIFIED	8b406a63f10aa1424225a80453393af2e4cb78b5	VERIFIED	9e615b04ecd1e9b8b5afcd5f812ea17bd78d4a43	packages/api/vnext-config.ts	Final-head check:doc-c asserts release/auth constants; canonical contract/integration suites pass. Normative semantics taken only from controlled baseline locators.	"[{""path"": ""packages/api/vnext-config.ts"", ""sha256"": ""3033ca5b7fa2c8491ddd4656ac922b5d573ce5591375eebb312553f825adfd07""}]"	true
CFG-02	Configuration	CURRENT_PARTIAL	8b406a63f10aa1424225a80453393af2e4cb78b5	VERIFIED	9e615b04ecd1e9b8b5afcd5f812ea17bd78d4a43	packages/api/vnext-config.ts	Current configuration and queue-limit static assertions inspected; complete pipeline timeout semantics require source reconciliation/runtime proof.	"[{""path"": ""packages/api/vnext-config.ts"", ""sha256"": ""3033ca5b7fa2c8491ddd4656ac922b5d573ce5591375eebb312553f825adfd07""}]"	true
CFG-03	Configuration	CURRENT_VERIFIED	8b406a63f10aa1424225a80453393af2e4cb78b5	VERIFIED	9e615b04ecd1e9b8b5afcd5f812ea17bd78d4a43	packages/api/vnext-config.ts	Final-head check:doc-c asserts release/auth constants; canonical contract/integration suites pass. Normative semantics taken only from controlled baseline locators.	"[{""path"": ""packages/api/vnext-config.ts"", ""sha256"": ""3033ca5b7fa2c8491ddd4656ac922b5d573ce5591375eebb312553f825adfd07""}]"	true
CFG-04	Configuration	CURRENT_PARTIAL	8b406a63f10aa1424225a80453393af2e4cb78b5	PARTIAL	9e615b04ecd1e9b8b5afcd5f812ea17bd78d4a43	CI run 37222997743 + exact-head runs	Final-head canonical type/static/coverage/build gates pass locally; GitHub CI jobs fail before any executable steps; release gate remains skipped.	[]	true
VAL-01	Validation	CURRENT_NOT_VERIFIED	8b406a63f10aa1424225a80453393af2e4cb78b5	VERIFIED	9e615b04ecd1e9b8b5afcd5f812ea17bd78d4a43	packages/contracts + packages/validation	Historical status retained only as provenance; complete current per-row normative comparison is not yet established. No historical VERIFIED promotion.	"[{""path"": ""packages/contracts"", ""kind"": ""directory"", ""entry_count"": 14}, {""path"": ""packages/validation"", ""kind"": ""directory"", ""entry_count"": 7}]"	false
VAL-02	Validation	CURRENT_NOT_VERIFIED	8b406a63f10aa1424225a80453393af2e4cb78b5	VERIFIED	9e615b04ecd1e9b8b5afcd5f812ea17bd78d4a43	packages/api handlers	Historical status retained only as provenance; complete current per-row normative comparison is not yet established. No historical VERIFIED promotion.	"[{""path"": ""packages/api"", ""kind"": ""directory"", ""entry_count"": 22}]"	false
VAL-03	Validation	CURRENT_NOT_VERIFIED	8b406a63f10aa1424225a80453393af2e4cb78b5	VERIFIED	9e615b04ecd1e9b8b5afcd5f812ea17bd78d4a43	packages/queue/payload.ts + workers.ts	Historical status retained only as provenance; complete current per-row normative comparison is not yet established. No historical VERIFIED promotion.	"[{""path"": ""packages/queue/payload.ts"", ""sha256"": ""12cab707131b9c1571b0a9d81b89ed435019e4fa555cb9b5ac3719c64469f1a2""}]"	false
VAL-04	Validation	CURRENT_VERIFIED	8b406a63f10aa1424225a80453393af2e4cb78b5	PARTIAL	9e615b04ecd1e9b8b5afcd5f812ea17bd78d4a43	CI run 37222997743	Final-head contract and integration validation tests executed successfully; proof is local behavior, not deployment approval.	[]	true
ARCH-01	Architecture	CURRENT_NOT_VERIFIED	8b406a63f10aa1424225a80453393af2e4cb78b5	VERIFIED	9e615b04ecd1e9b8b5afcd5f812ea17bd78d4a43	packages/* module layout	Historical status retained only as provenance; complete current per-row normative comparison is not yet established. No historical VERIFIED promotion.	[]	false
ARCH-02	Architecture	CURRENT_VERIFIED	8b406a63f10aa1424225a80453393af2e4cb78b5	VERIFIED	9e615b04ecd1e9b8b5afcd5f812ea17bd78d4a43	package.json + scripts/check-module-boundaries.ts	Final-head lint/check:doc-c execute module-boundary enforcement successfully; no forbidden direct imports.	"[{""path"": ""scripts/check-module-boundaries.ts"", ""sha256"": ""bf6230517afba10250c5f487a31783fb9ae0a71fb5a6e8c1a80b4d9f84c3c805""}]"	true
ARCH-03	Architecture	CURRENT_VERIFIED	8b406a63f10aa1424225a80453393af2e4cb78b5	PARTIAL	9e615b04ecd1e9b8b5afcd5f812ea17bd78d4a43	CI run 37222997743	Final-head lint/check:doc-c execute module-boundary enforcement successfully; no forbidden direct imports.	[]	true
ARCH-04	Architecture	CURRENT_VERIFIED	8b406a63f10aa1424225a80453393af2e4cb78b5	VERIFIED	9e615b04ecd1e9b8b5afcd5f812ea17bd78d4a43	tsconfig.json + packages-experimental inventory	Current tsconfig/vitest scope exclusions inspected; canonical and six-system checks are separately executed; no scope promotion.	[]	true
FSM-01	State machine	CURRENT_NOT_VERIFIED	8b406a63f10aa1424225a80453393af2e4cb78b5	VERIFIED	9e615b04ecd1e9b8b5afcd5f812ea17bd78d4a43	packages/contracts/state.ts	Historical status retained only as provenance; complete current per-row normative comparison is not yet established. No historical VERIFIED promotion.	"[{""path"": ""packages/contracts/state.ts"", ""sha256"": ""fea29dddfa8da4b1d2cf9850814a6ab8690e54ac6ae777afda3a52ea4332bfe5""}]"	false
FSM-02	State machine	CURRENT_NOT_VERIFIED	8b406a63f10aa1424225a80453393af2e4cb78b5	VERIFIED	9e615b04ecd1e9b8b5afcd5f812ea17bd78d4a43	packages/core/vnext-state-matrix.ts	Historical status retained only as provenance; complete current per-row normative comparison is not yet established. No historical VERIFIED promotion.	"[{""path"": ""packages/core/vnext-state-matrix.ts"", ""sha256"": ""8d28515f1783b517d20c8b68c19fecf3f908e27b230060c6ca3a3506c295ec12""}]"	false
FSM-03	State machine	CURRENT_NOT_VERIFIED	8b406a63f10aa1424225a80453393af2e4cb78b5	VERIFIED	9e615b04ecd1e9b8b5afcd5f812ea17bd78d4a43	packages/core/vnext-state-matrix.ts	Historical status retained only as provenance; complete current per-row normative comparison is not yet established. No historical VERIFIED promotion.	"[{""path"": ""packages/core/vnext-state-matrix.ts"", ""sha256"": ""8d28515f1783b517d20c8b68c19fecf3f908e27b230060c6ca3a3506c295ec12""}]"	false
FSM-04	State machine	CURRENT_NOT_VERIFIED	8b406a63f10aa1424225a80453393af2e4cb78b5	VERIFIED	9e615b04ecd1e9b8b5afcd5f812ea17bd78d4a43	packages/core/vnext-state-matrix.ts + packages/law/freeze.ts	Historical status retained only as provenance; complete current per-row normative comparison is not yet established. No historical VERIFIED promotion.	"[{""path"": ""packages/core/vnext-state-matrix.ts"", ""sha256"": ""8d28515f1783b517d20c8b68c19fecf3f908e27b230060c6ca3a3506c295ec12""}, {""path"": ""packages/law/freeze.ts"", ""sha256"": ""ecc74861efac66eec5803a832b0c951e8ccb11e6f16627eeb200c1eca50f33cb""}]"	false
FSM-05	State machine	CURRENT_VERIFIED	8b406a63f10aa1424225a80453393af2e4cb78b5	PARTIAL	9e615b04ecd1e9b8b5afcd5f812ea17bd78d4a43	CI run 37222997743	Final-head state-matrix, hydration, freeze/persistence tests in the passing contract/integration/full suites; invalid transitions/guards remain denied.	[]	true
PIPE-01	Multi-AI pipeline	CURRENT_NOT_VERIFIED	8b406a63f10aa1424225a80453393af2e4cb78b5	VERIFIED	9e615b04ecd1e9b8b5afcd5f812ea17bd78d4a43	packages/queue/workers.ts	Historical status retained only as provenance; complete current per-row normative comparison is not yet established. No historical VERIFIED promotion.	"[{""path"": ""packages/queue/workers.ts"", ""sha256"": ""91b9b3df8d3ba450954970fb3f02b91e3fe368399f739110fe9fd6c38d9aedc0""}]"	false
PIPE-02	Multi-AI pipeline	CURRENT_NOT_VERIFIED	8b406a63f10aa1424225a80453393af2e4cb78b5	VERIFIED	9e615b04ecd1e9b8b5afcd5f812ea17bd78d4a43	packages/judge/consensus.ts + scoring.ts	Historical status retained only as provenance; complete current per-row normative comparison is not yet established. No historical VERIFIED promotion.	"[{""path"": ""packages/judge/consensus.ts"", ""sha256"": ""f441ea2409c77bb099e24a2494f64de7a97559dd87365740ca4e03633bb3699d""}]"	false
PIPE-03	Multi-AI pipeline	CURRENT_NOT_VERIFIED	8b406a63f10aa1424225a80453393af2e4cb78b5	VERIFIED	9e615b04ecd1e9b8b5afcd5f812ea17bd78d4a43	packages/law/prerelease.ts	Historical status retained only as provenance; complete current per-row normative comparison is not yet established. No historical VERIFIED promotion.	"[{""path"": ""packages/law/prerelease.ts"", ""sha256"": ""0c0983d6c1dd3cdbda50c614282dc14921f44e4db223440c73e4b27139bf8d4f""}]"	false
PIPE-04	Multi-AI pipeline	CURRENT_NOT_VERIFIED	8b406a63f10aa1424225a80453393af2e4cb78b5	VERIFIED	9e615b04ecd1e9b8b5afcd5f812ea17bd78d4a43	packages/queue/workers.ts	Historical status retained only as provenance; complete current per-row normative comparison is not yet established. No historical VERIFIED promotion.	"[{""path"": ""packages/queue/workers.ts"", ""sha256"": ""91b9b3df8d3ba450954970fb3f02b91e3fe368399f739110fe9fd6c38d9aedc0""}]"	false
PIPE-05	Multi-AI pipeline	CURRENT_NOT_VERIFIED	8b406a63f10aa1424225a80453393af2e4cb78b5	VERIFIED	9e615b04ecd1e9b8b5afcd5f812ea17bd78d4a43	packages/queue/dispatch.ts	Historical status retained only as provenance; complete current per-row normative comparison is not yet established. No historical VERIFIED promotion.	"[{""path"": ""packages/queue/dispatch.ts"", ""sha256"": ""2f30d22b82bf64d6ca8b7f0d2f28a553ff62240bd586c5b82ae4d5f6b5f61a21""}]"	false
PIPE-06	Multi-AI pipeline	CURRENT_NOT_VERIFIED	8b406a63f10aa1424225a80453393af2e4cb78b5	VERIFIED	9e615b04ecd1e9b8b5afcd5f812ea17bd78d4a43	packages/queue/workers.ts + API release commit path	Historical status retained only as provenance; complete current per-row normative comparison is not yet established. No historical VERIFIED promotion.	"[{""path"": ""packages/queue/workers.ts"", ""sha256"": ""91b9b3df8d3ba450954970fb3f02b91e3fe368399f739110fe9fd6c38d9aedc0""}]"	false
PIPE-07	Multi-AI pipeline	INFRA_BLOCKED	8b406a63f10aa1424225a80453393af2e4cb78b5	PARTIAL	9e615b04ecd1e9b8b5afcd5f812ea17bd78d4a43	CI run 37222997743 + run 37222997798	Isolated browser submission returns 503; persisted directive_dispatches.lastError=TSA_TIME_AUTHORITY_UNAVAILABLE. Verified TSA boundary unavailable; no synthetic clock injection.	[]	true
API-01	API	CURRENT_NOT_VERIFIED	8b406a63f10aa1424225a80453393af2e4cb78b5	VERIFIED	9e615b04ecd1e9b8b5afcd5f812ea17bd78d4a43	apps/web/app/api/auth/request-otac/route.ts + packages/api/auth.ts	Historical status retained only as provenance; complete current per-row normative comparison is not yet established. No historical VERIFIED promotion.	"[{""path"": ""apps/web/app/api/auth/request-otac/route.ts"", ""sha256"": ""bf773d272bd3f0dfce1d66941d6e288ce64db0ca1eadc3dc86421208a5db9805""}, {""path"": ""packages/api/auth.ts"", ""sha256"": ""eeee301b7fff35b0458f4c255c17c325bcf19ec4cfad3eda70c783d95893e08b""}]"	false
API-02	API	CURRENT_NOT_VERIFIED	8b406a63f10aa1424225a80453393af2e4cb78b5	VERIFIED	9e615b04ecd1e9b8b5afcd5f812ea17bd78d4a43	apps/web/app/api/auth/verify-otac/route.ts + packages/api/auth.ts	Historical status retained only as provenance; complete current per-row normative comparison is not yet established. No historical VERIFIED promotion.	"[{""path"": ""apps/web/app/api/auth/verify-otac/route.ts"", ""sha256"": ""ee538075b0a01f1c23cefb83a193e905cc307b5f8110f1f1a73bb570dbc04388""}, {""path"": ""packages/api/auth.ts"", ""sha256"": ""eeee301b7fff35b0458f4c255c17c325bcf19ec4cfad3eda70c783d95893e08b""}]"	false
API-03	API	CURRENT_NOT_VERIFIED	8b406a63f10aa1424225a80453393af2e4cb78b5	VERIFIED	9e615b04ecd1e9b8b5afcd5f812ea17bd78d4a43	apps/web/app/api/session/me/route.ts + auth handlers	Historical status retained only as provenance; complete current per-row normative comparison is not yet established. No historical VERIFIED promotion.	"[{""path"": ""apps/web/app/api/session/me/route.ts"", ""sha256"": ""d1897c1ef80b11690c27f6ac769ff78ac972787d51673891fba4382f7cbff913""}]"	false
API-04	API	CURRENT_NOT_VERIFIED	8b406a63f10aa1424225a80453393af2e4cb78b5	VERIFIED	9e615b04ecd1e9b8b5afcd5f812ea17bd78d4a43	apps/web/app/api/auth/logout/route.ts + packages/api/auth.ts	Historical status retained only as provenance; complete current per-row normative comparison is not yet established. No historical VERIFIED promotion.	"[{""path"": ""apps/web/app/api/auth/logout/route.ts"", ""sha256"": ""019fb37bfb25d8758bb0781cc9ef57094a62dc88d4027ed9b3018c87ea795691""}, {""path"": ""packages/api/auth.ts"", ""sha256"": ""eeee301b7fff35b0458f4c255c17c325bcf19ec4cfad3eda70c783d95893e08b""}]"	false
API-05	API	CURRENT_NOT_VERIFIED	8b406a63f10aa1424225a80453393af2e4cb78b5	VERIFIED	9e615b04ecd1e9b8b5afcd5f812ea17bd78d4a43	apps/web/app/api/directives/route.ts and [id] routes	Historical status retained only as provenance; complete current per-row normative comparison is not yet established. No historical VERIFIED promotion.	"[{""path"": ""apps/web/app/api/directives/route.ts"", ""sha256"": ""34bfb2cafa3e19eea1b56247dee54f86bb2a50026970b1d070c998fc70a63592""}]"	false
API-06	API	CURRENT_NOT_VERIFIED	8b406a63f10aa1424225a80453393af2e4cb78b5	VERIFIED	9e615b04ecd1e9b8b5afcd5f812ea17bd78d4a43	apps/web/app/api/runs + freeze/recover routes	Historical status retained only as provenance; complete current per-row normative comparison is not yet established. No historical VERIFIED promotion.	"[{""path"": ""apps/web/app/api/runs"", ""kind"": ""directory"", ""entry_count"": 7}]"	false
API-07	API	CURRENT_NOT_VERIFIED	8b406a63f10aa1424225a80453393af2e4cb78b5	VERIFIED	9e615b04ecd1e9b8b5afcd5f812ea17bd78d4a43	apps/web/app/api/artifacts + audit/incidents routes	Historical status retained only as provenance; complete current per-row normative comparison is not yet established. No historical VERIFIED promotion.	"[{""path"": ""apps/web/app/api/artifacts"", ""kind"": ""directory"", ""entry_count"": 20}]"	false
API-08	API	CURRENT_PARTIAL	8b406a63f10aa1424225a80453393af2e4cb78b5	PARTIAL	9e615b04ecd1e9b8b5afcd5f812ea17bd78d4a43	CI run 37222997743	167 integration tests and runtime authenticated read/device-binding/browser RBAC paths pass; directive submission is blocked by missing verified TSA time.	[]	true
AUTH-05	Authentication	CURRENT_NOT_VERIFIED	8b406a63f10aa1424225a80453393af2e4cb78b5	VERIFIED	9e615b04ecd1e9b8b5afcd5f812ea17bd78d4a43	packages/auth/otac.ts + packages/contracts/auth.ts	Historical status retained only as provenance; complete current per-row normative comparison is not yet established. No historical VERIFIED promotion.	"[{""path"": ""packages/auth/otac.ts"", ""sha256"": ""9252a2479fb4b4ca41089a90aedf63e44a42828f960063f9009d9a6ad0efa6c3""}, {""path"": ""packages/contracts/auth.ts"", ""sha256"": ""7c0ff81bae6d599e54054c17de706d99d098cc4462209ed4119cdad57eb1cb8d""}]"	false
AUTH-06	Authentication	CURRENT_NOT_VERIFIED	8b406a63f10aa1424225a80453393af2e4cb78b5	VERIFIED	9e615b04ecd1e9b8b5afcd5f812ea17bd78d4a43	packages/api/vnext-config.ts + packages/api/middleware/rate-limit.ts	Historical status retained only as provenance; complete current per-row normative comparison is not yet established. No historical VERIFIED promotion.	"[{""path"": ""packages/api/vnext-config.ts"", ""sha256"": ""3033ca5b7fa2c8491ddd4656ac922b5d573ce5591375eebb312553f825adfd07""}, {""path"": ""packages/api/middleware/rate-limit.ts"", ""sha256"": ""ce9b2d6e0cafe2b57bb9a3987cb1aadb4b3c887c50bd9661421debc51d624bec""}]"	false
AUTH-07	Authentication	CURRENT_NOT_VERIFIED	8b406a63f10aa1424225a80453393af2e4cb78b5	VERIFIED	9e615b04ecd1e9b8b5afcd5f812ea17bd78d4a43	packages/auth/session.ts + csrf.ts	Historical status retained only as provenance; complete current per-row normative comparison is not yet established. No historical VERIFIED promotion.	"[{""path"": ""packages/auth/session.ts"", ""sha256"": ""1e4b248ca320fb98c5bc6b9c286f3cb512ef819c1681a1ac95743f4c61ecc929""}]"	false
AUTH-08	Authentication	CURRENT_NOT_VERIFIED	8b406a63f10aa1424225a80453393af2e4cb78b5	VERIFIED	9e615b04ecd1e9b8b5afcd5f812ea17bd78d4a43	packages/auth/device-binding.ts + security-incident.ts	Historical status retained only as provenance; complete current per-row normative comparison is not yet established. No historical VERIFIED promotion.	"[{""path"": ""packages/auth/device-binding.ts"", ""sha256"": ""a1c3ad96c7ec00f96ea0c7f6ca71837a144c3e64cad1e10a3328e0dc6bc14747""}]"	false
AUTH-09	Authentication	CURRENT_NOT_VERIFIED	8b406a63f10aa1424225a80453393af2e4cb78b5	VERIFIED	9e615b04ecd1e9b8b5afcd5f812ea17bd78d4a43	packages/auth/email.ts	Historical status retained only as provenance; complete current per-row normative comparison is not yet established. No historical VERIFIED promotion.	"[{""path"": ""packages/auth/email.ts"", ""sha256"": ""9c54553b7768a4f524a26428bb9cf685d523b9e4e0a112194c6323ab0f3e530d""}]"	false
AUTH-10	Authentication	CURRENT_VERIFIED	8b406a63f10aa1424225a80453393af2e4cb78b5	PARTIAL	9e615b04ecd1e9b8b5afcd5f812ea17bd78d4a43	CI run 37222997743	Final-head auth abuse/replay/session/logout/rate-limit contracts and integration tests pass; browser rejects missing/incorrect device binding. No production-email claim.	[]	true
AUTH-11	Authentication	CURRENT_MISMATCH	8b406a63f10aa1424225a80453393af2e4cb78b5	MISMATCH	9e615b04ecd1e9b8b5afcd5f812ea17bd78d4a43	current-head-attestation.json vs frozen HEAD	Historical embedded attestation still binds 7eb83a88eee1eb9d6357577ad937a82248933091 and dirty tree. Preserved as provenance; repaired producer no longer repeats its PASS claims. Independent final-head local logs supersede it without release approval.	[]	true
STORE-01	Storage	CURRENT_NOT_VERIFIED	8b406a63f10aa1424225a80453393af2e4cb78b5	VERIFIED	9e615b04ecd1e9b8b5afcd5f812ea17bd78d4a43	packages/storage/query-patterns.ts	Historical status retained only as provenance; complete current per-row normative comparison is not yet established. No historical VERIFIED promotion.	"[{""path"": ""packages/storage/query-patterns.ts"", ""sha256"": ""2d1bc88e57fc91a1de23b11fdb1d81cf5f6a89408da2ca2b123e23b5983d9690""}]"	false
STORE-02	Storage	CURRENT_NOT_VERIFIED	8b406a63f10aa1424225a80453393af2e4cb78b5	VERIFIED	9e615b04ecd1e9b8b5afcd5f812ea17bd78d4a43	packages/api/storage-control.ts + soft-delete.ts	Historical status retained only as provenance; complete current per-row normative comparison is not yet established. No historical VERIFIED promotion.	"[{""path"": ""packages/api/storage-control.ts"", ""sha256"": ""473a76ea8aed50a5ce41adb01c06657dd39f6b69f648e9572755188f2e792913""}]"	false
STORE-03	Storage	CURRENT_NOT_VERIFIED	8b406a63f10aa1424225a80453393af2e4cb78b5	VERIFIED	9e615b04ecd1e9b8b5afcd5f812ea17bd78d4a43	packages/api/canonical.ts + cold-snapshot.ts	Historical status retained only as provenance; complete current per-row normative comparison is not yet established. No historical VERIFIED promotion.	"[{""path"": ""packages/api/canonical.ts"", ""sha256"": ""5d91a473ac28df1ef184e0107909782f9a341e3420f4125f1ecd9c79089f9d3d""}]"	false
STORE-04	Storage	CURRENT_NOT_VERIFIED	8b406a63f10aa1424225a80453393af2e4cb78b5	VERIFIED	9e615b04ecd1e9b8b5afcd5f812ea17bd78d4a43	packages/core/ulid.ts + API contracts	Historical status retained only as provenance; complete current per-row normative comparison is not yet established. No historical VERIFIED promotion.	"[{""path"": ""packages/core/ulid.ts"", ""sha256"": ""bb63f232a5f53670e12c799ab709dbec3c3f649df0f33050331ad6c4b72d51c9""}]"	false
STORE-05	Storage	CURRENT_NOT_VERIFIED	8b406a63f10aa1424225a80453393af2e4cb78b5	VERIFIED	9e615b04ecd1e9b8b5afcd5f812ea17bd78d4a43	packages/api + packages/obs	Historical status retained only as provenance; complete current per-row normative comparison is not yet established. No historical VERIFIED promotion.	"[{""path"": ""packages/api"", ""kind"": ""directory"", ""entry_count"": 22}, {""path"": ""packages/obs"", ""kind"": ""directory"", ""entry_count"": 8}]"	false
STORE-06	Storage	CURRENT_PARTIAL	8b406a63f10aa1424225a80453393af2e4cb78b5	PARTIAL	9e615b04ecd1e9b8b5afcd5f812ea17bd78d4a43	CI run 37222997743 + cargo run 37222997736	28 migrations apply in isolated PostgreSQL; latest post-baseline migration rollback/reapply succeeds and migrate status is clean. Rust contracts pass in canonical suite. Production DB/blob and application rollback remain unverified.	[]	true
STORE-07	Storage	CURRENT_PARTIAL	8b406a63f10aa1424225a80453393af2e4cb78b5	NOT_VERIFIED	9e615b04ecd1e9b8b5afcd5f812ea17bd78d4a43	No current runtime DB evidence	28 migrations apply in isolated PostgreSQL; latest post-baseline migration rollback/reapply succeeds and migrate status is clean. Rust contracts pass in canonical suite. Production DB/blob and application rollback remain unverified.	[]	true
RBAC-01	RBAC	CURRENT_NOT_VERIFIED	8b406a63f10aa1424225a80453393af2e4cb78b5	VERIFIED	9e615b04ecd1e9b8b5afcd5f812ea17bd78d4a43	packages/contracts/envelope.ts + API owner handlers	Historical status retained only as provenance; complete current per-row normative comparison is not yet established. No historical VERIFIED promotion.	"[{""path"": ""packages/contracts/envelope.ts"", ""sha256"": ""177054a32d25a30b2eb26bc44882c7c3f6370c460f111d8d8653e1e3be136e22""}]"	false
RBAC-02	RBAC	CURRENT_NOT_VERIFIED	8b406a63f10aa1424225a80453393af2e4cb78b5	VERIFIED	9e615b04ecd1e9b8b5afcd5f812ea17bd78d4a43	packages/api/owner-*.ts + auth.ts	Historical status retained only as provenance; complete current per-row normative comparison is not yet established. No historical VERIFIED promotion.	"[{""path"": ""packages/api/owner-"", ""status"": ""locator_is_composite_or_not_resolved""}]"	false
RBAC-03	RBAC	CURRENT_NOT_VERIFIED	8b406a63f10aa1424225a80453393af2e4cb78b5	VERIFIED	9e615b04ecd1e9b8b5afcd5f812ea17bd78d4a43	apps/web components/pages	Historical status retained only as provenance; complete current per-row normative comparison is not yet established. No historical VERIFIED promotion.	"[{""path"": ""apps/web"", ""kind"": ""directory"", ""entry_count"": 793}]"	false
RBAC-04	RBAC	CURRENT_VERIFIED	8b406a63f10aa1424225a80453393af2e4cb78b5	PARTIAL	9e615b04ecd1e9b8b5afcd5f812ea17bd78d4a43	CI run 37222997743	Final-head RBAC denial and owner-control tests pass; browser confirms operator controls hidden and auditor read-only audit access.	[]	true
OBS-01	Observability	CURRENT_NOT_VERIFIED	8b406a63f10aa1424225a80453393af2e4cb78b5	VERIFIED	9e615b04ecd1e9b8b5afcd5f812ea17bd78d4a43	packages/obs + packages/api	Historical status retained only as provenance; complete current per-row normative comparison is not yet established. No historical VERIFIED promotion.	"[{""path"": ""packages/obs"", ""kind"": ""directory"", ""entry_count"": 8}, {""path"": ""packages/api"", ""kind"": ""directory"", ""entry_count"": 22}]"	false
OBS-02	Observability	CURRENT_NOT_VERIFIED	8b406a63f10aa1424225a80453393af2e4cb78b5	VERIFIED	9e615b04ecd1e9b8b5afcd5f812ea17bd78d4a43	packages/contracts/incidents.ts + API paths	Historical status retained only as provenance; complete current per-row normative comparison is not yet established. No historical VERIFIED promotion.	"[{""path"": ""packages/contracts/incidents.ts"", ""sha256"": ""618626e10a879c5d595fa004e30a72ce3216005c3d0a13b32edac4d177f871a9""}]"	false
OBS-03	Observability	CURRENT_NOT_VERIFIED	8b406a63f10aa1424225a80453393af2e4cb78b5	VERIFIED	9e615b04ecd1e9b8b5afcd5f812ea17bd78d4a43	packages/obs/alarms.ts + queue/api callers	Historical status retained only as provenance; complete current per-row normative comparison is not yet established. No historical VERIFIED promotion.	"[{""path"": ""packages/obs/alarms.ts"", ""sha256"": ""337fc30dbdd03664fb49705109ca762cca1a7dd074b4c9019a9d98ab2a76ebb3""}]"	false
OBS-04	Observability	CURRENT_NOT_VERIFIED	8b406a63f10aa1424225a80453393af2e4cb78b5	VERIFIED	9e615b04ecd1e9b8b5afcd5f812ea17bd78d4a43	packages/api envelopes	Historical status retained only as provenance; complete current per-row normative comparison is not yet established. No historical VERIFIED promotion.	"[{""path"": ""packages/api"", ""kind"": ""directory"", ""entry_count"": 22}]"	false
OBS-05	Observability	CURRENT_PARTIAL	8b406a63f10aa1424225a80453393af2e4cb78b5	PARTIAL	9e615b04ecd1e9b8b5afcd5f812ea17bd78d4a43	CI run 37222997743 + release gates skipped	Final-head alarm/audit/persistence-denial tests pass; real external sink/monitoring signoff not supplied.	[]	true
QUEUE-01	Queue/retention	CURRENT_NOT_VERIFIED	8b406a63f10aa1424225a80453393af2e4cb78b5	VERIFIED	9e615b04ecd1e9b8b5afcd5f812ea17bd78d4a43	packages/queue/jobs.ts + workers.ts	Historical status retained only as provenance; complete current per-row normative comparison is not yet established. No historical VERIFIED promotion.	"[{""path"": ""packages/queue/jobs.ts"", ""sha256"": ""8fb144b49780bc37d0642ee4a3abb73d098ad665bd224ffbbcdca739bb0ca56c""}]"	false
QUEUE-02	Queue/retention	CURRENT_NOT_VERIFIED	8b406a63f10aa1424225a80453393af2e4cb78b5	VERIFIED	9e615b04ecd1e9b8b5afcd5f812ea17bd78d4a43	packages/queue/dispatch.ts	Historical status retained only as provenance; complete current per-row normative comparison is not yet established. No historical VERIFIED promotion.	"[{""path"": ""packages/queue/dispatch.ts"", ""sha256"": ""2f30d22b82bf64d6ca8b7f0d2f28a553ff62240bd586c5b82ae4d5f6b5f61a21""}]"	false
QUEUE-03	Queue/retention	CURRENT_NOT_VERIFIED	8b406a63f10aa1424225a80453393af2e4cb78b5	VERIFIED	9e615b04ecd1e9b8b5afcd5f812ea17bd78d4a43	packages/queue/dispatch.ts + retry-policy.ts	Historical status retained only as provenance; complete current per-row normative comparison is not yet established. No historical VERIFIED promotion.	"[{""path"": ""packages/queue/dispatch.ts"", ""sha256"": ""2f30d22b82bf64d6ca8b7f0d2f28a553ff62240bd586c5b82ae4d5f6b5f61a21""}]"	false
QUEUE-04	Queue/retention	CURRENT_NOT_VERIFIED	8b406a63f10aa1424225a80453393af2e4cb78b5	VERIFIED	9e615b04ecd1e9b8b5afcd5f812ea17bd78d4a43	packages/api/vnext-config.ts	Historical status retained only as provenance; complete current per-row normative comparison is not yet established. No historical VERIFIED promotion.	"[{""path"": ""packages/api/vnext-config.ts"", ""sha256"": ""3033ca5b7fa2c8491ddd4656ac922b5d573ce5591375eebb312553f825adfd07""}]"	false
QUEUE-05	Queue/retention	CURRENT_NOT_VERIFIED	8b406a63f10aa1424225a80453393af2e4cb78b5	VERIFIED	9e615b04ecd1e9b8b5afcd5f812ea17bd78d4a43	packages/queue/jobs.ts + workers.ts	Historical status retained only as provenance; complete current per-row normative comparison is not yet established. No historical VERIFIED promotion.	"[{""path"": ""packages/queue/jobs.ts"", ""sha256"": ""8fb144b49780bc37d0642ee4a3abb73d098ad665bd224ffbbcdca739bb0ca56c""}]"	false
QUEUE-06	Queue/retention	INFRA_BLOCKED	8b406a63f10aa1424225a80453393af2e4cb78b5	PARTIAL	9e615b04ecd1e9b8b5afcd5f812ea17bd78d4a43	CI run 37222997743 + run 37222997784	Isolated browser submission returns 503; persisted directive_dispatches.lastError=TSA_TIME_AUTHORITY_UNAVAILABLE. Verified TSA boundary unavailable; no synthetic clock injection.	[]	true
UI-01	UI/UX	CURRENT_NOT_VERIFIED	8b406a63f10aa1424225a80453393af2e4cb78b5	VERIFIED	9e615b04ecd1e9b8b5afcd5f812ea17bd78d4a43	apps/web/app/login + components/OtacLoginForm.tsx	Historical status retained only as provenance; complete current per-row normative comparison is not yet established. No historical VERIFIED promotion.	"[{""path"": ""apps/web/app/login"", ""kind"": ""directory"", ""entry_count"": 1}]"	false
UI-02	UI/UX	CURRENT_NOT_VERIFIED	8b406a63f10aa1424225a80453393af2e4cb78b5	VERIFIED	9e615b04ecd1e9b8b5afcd5f812ea17bd78d4a43	apps/web/app/page.tsx + dialog/page.tsx	Historical status retained only as provenance; complete current per-row normative comparison is not yet established. No historical VERIFIED promotion.	"[{""path"": ""apps/web/app/page.tsx"", ""sha256"": ""62ab46cc526dfd482314dcb686fc0b08d25e705cf1ad9d80d5108fd0d3d6bd00""}]"	false
UI-03	UI/UX	CURRENT_NOT_VERIFIED	8b406a63f10aa1424225a80453393af2e4cb78b5	VERIFIED	9e615b04ecd1e9b8b5afcd5f812ea17bd78d4a43	apps/web/app/directives + components	Historical status retained only as provenance; complete current per-row normative comparison is not yet established. No historical VERIFIED promotion.	"[{""path"": ""apps/web/app/directives"", ""kind"": ""directory"", ""entry_count"": 5}]"	false
UI-04	UI/UX	CURRENT_NOT_VERIFIED	8b406a63f10aa1424225a80453393af2e4cb78b5	VERIFIED	9e615b04ecd1e9b8b5afcd5f812ea17bd78d4a43	apps/web/components/FreezeBanner.tsx + status page	Historical status retained only as provenance; complete current per-row normative comparison is not yet established. No historical VERIFIED promotion.	"[{""path"": ""apps/web/components/FreezeBanner.tsx"", ""sha256"": ""ef278cf8556648a7a7d19f0e1ea2af91582a4247765f3b6c8f26e6c54f1eb9a1""}]"	false
UI-05	UI/UX	CURRENT_NOT_VERIFIED	8b406a63f10aa1424225a80453393af2e4cb78b5	VERIFIED	9e615b04ecd1e9b8b5afcd5f812ea17bd78d4a43	apps/web/app/runs, vault, audit, incidents	Historical status retained only as provenance; complete current per-row normative comparison is not yet established. No historical VERIFIED promotion.	"[{""path"": ""apps/web/app/runs"", ""kind"": ""directory"", ""entry_count"": 3}]"	false
UI-06	UI/UX	CURRENT_PARTIAL	8b406a63f10aa1424225a80453393af2e4cb78b5	PARTIAL	9e615b04ecd1e9b8b5afcd5f812ea17bd78d4a43	CI run 37222997743	Rebuilt final-head Chromium run: 9 passed/2 failed. Mobile front/freeze/drawer and desktop/read/draft flows pass; directive submission blocked by TSA; low-RAM performance/full fidelity not established.	[]	true
UI-07	UI/UX	CURRENT_PARTIAL	8b406a63f10aa1424225a80453393af2e4cb78b5	NOT_VERIFIED	9e615b04ecd1e9b8b5afcd5f812ea17bd78d4a43	No exact-head visual/E2E proof	Rebuilt final-head Chromium run: 9 passed/2 failed. Mobile front/freeze/drawer and desktop/read/draft flows pass; directive submission blocked by TSA; low-RAM performance/full fidelity not established.	[]	true
GATE-01	Test/deploy	CURRENT_VERIFIED	8b406a63f10aa1424225a80453393af2e4cb78b5	VERIFIED	9e615b04ecd1e9b8b5afcd5f812ea17bd78d4a43	package.json + .github/workflows	Current package scripts/workflows/test families inspected; canonical tests/type/static/build/coverage executed. Wiring proof does not establish release readiness.	[]	true
GATE-02	Test/deploy	CURRENT_VERIFIED	8b406a63f10aa1424225a80453393af2e4cb78b5	VERIFIED	9e615b04ecd1e9b8b5afcd5f812ea17bd78d4a43	tests/ tree + evidence inventory	Current package scripts/workflows/test families inspected; canonical tests/type/static/build/coverage executed. Wiring proof does not establish release readiness.	[]	true
GATE-03	Test/deploy	INFRA_BLOCKED	8b406a63f10aa1424225a80453393af2e4cb78b5	PARTIAL	9e615b04ecd1e9b8b5afcd5f812ea17bd78d4a43	GitHub check-runs for frozen SHA	Four current-head GitHub workflow runs conclude failure; all failed jobs have zero executable steps. DOC-C/release/deploy jobs skipped. Exact infrastructure cause unavailable; historical billing is not promoted to current cause.	[]	true
GATE-04	Test/deploy	INFRA_BLOCKED	8b406a63f10aa1424225a80453393af2e4cb78b5	NOT_VERIFIED	9e615b04ecd1e9b8b5afcd5f812ea17bd78d4a43	GitHub check-runs	Four current-head GitHub workflow runs conclude failure; all failed jobs have zero executable steps. DOC-C/release/deploy jobs skipped. Exact infrastructure cause unavailable; historical billing is not promoted to current cause.	[]	true
GATE-05	Test/deploy	INFRA_BLOCKED	8b406a63f10aa1424225a80453393af2e4cb78b5	NOT_VERIFIED	9e615b04ecd1e9b8b5afcd5f812ea17bd78d4a43	GitHub check-runs/statuses	Four current-head GitHub workflow runs conclude failure; all failed jobs have zero executable steps. DOC-C/release/deploy jobs skipped. Exact infrastructure cause unavailable; historical billing is not promoted to current cause.	[]	true
GATE-06	Test/deploy	CURRENT_NOT_VERIFIED	8b406a63f10aa1424225a80453393af2e4cb78b5	NOT_VERIFIED	9e615b04ecd1e9b8b5afcd5f812ea17bd78d4a43	No exact-head signoff artifact	Required human security/engineering/migration/monitoring signoffs and application release rollback receipt absent; isolated migration rollback is not application rollback.	[]	true
SCOPE-01	Scope fence	SPEC_SOURCE_ACCESS_BLOCKED	8b406a63f10aa1424225a80453393af2e4cb78b5	VERIFIED	9e615b04ecd1e9b8b5afcd5f812ea17bd78d4a43	DOCX DOC-C §17 + repo inventory	Required DOCX unavailable locally and in Drive search; text copy is not a SHA-verified replacement. No authority contradiction was guessed away.	[]	true
SCOPE-02	Scope fence	CURRENT_VERIFIED	8b406a63f10aa1424225a80453393af2e4cb78b5	VERIFIED	9e615b04ecd1e9b8b5afcd5f812ea17bd78d4a43	tsconfig.json + packages-experimental	Current tsconfig/vitest scope exclusions inspected; canonical and six-system checks are separately executed; no scope promotion.	[]	true
SCOPE-03	Scope fence	CURRENT_NOT_VERIFIED	8b406a63f10aa1424225a80453393af2e4cb78b5	VERIFIED	9e615b04ecd1e9b8b5afcd5f812ea17bd78d4a43	apps/web API auth paths	Historical status retained only as provenance; complete current per-row normative comparison is not yet established. No historical VERIFIED promotion.	"[{""path"": ""apps/web"", ""kind"": ""directory"", ""entry_count"": 793}]"	false
SCOPE-04	Scope fence	CURRENT_VERIFIED	8b406a63f10aa1424225a80453393af2e4cb78b5	PARTIAL	9e615b04ecd1e9b8b5afcd5f812ea17bd78d4a43	CI run 37222997743	Final-head DOC-C static gate and module boundaries execute locally; no deployment authorization inferred.	[]	true
EXP-01	Experimental systems	CURRENT_NOT_VERIFIED	8b406a63f10aa1424225a80453393af2e4cb78b5	VERIFIED	9e615b04ecd1e9b8b5afcd5f812ea17bd78d4a43	packages/phase-f/l1o and lo3 inventory	Historical status retained only as provenance; complete current per-row normative comparison is not yet established. No historical VERIFIED promotion.	"[{""path"": ""packages/phase-f/l1o"", ""kind"": ""directory"", ""entry_count"": 8}]"	false
EXP-02	Experimental systems	CURRENT_NOT_VERIFIED	8b406a63f10aa1424225a80453393af2e4cb78b5	VERIFIED	9e615b04ecd1e9b8b5afcd5f812ea17bd78d4a43	packages/phase-f/game inventory	Historical status retained only as provenance; complete current per-row normative comparison is not yet established. No historical VERIFIED promotion.	"[{""path"": ""packages/phase-f/game"", ""kind"": ""directory"", ""entry_count"": 39}]"	false
EXP-03	Experimental systems	CURRENT_NOT_VERIFIED	8b406a63f10aa1424225a80453393af2e4cb78b5	VERIFIED	9e615b04ecd1e9b8b5afcd5f812ea17bd78d4a43	packages/phase-f/resilience + universe inventory	Historical status retained only as provenance; complete current per-row normative comparison is not yet established. No historical VERIFIED promotion.	"[{""path"": ""packages/phase-f/resilience"", ""kind"": ""directory"", ""entry_count"": 13}]"	false
EXP-04	Experimental systems	CURRENT_NOT_VERIFIED	8b406a63f10aa1424225a80453393af2e4cb78b5	VERIFIED	9e615b04ecd1e9b8b5afcd5f812ea17bd78d4a43	packages-experimental/robotics inventory	Historical status retained only as provenance; complete current per-row normative comparison is not yet established. No historical VERIFIED promotion.	[]	false
EXP-05	Experimental systems	CURRENT_PARTIAL	8b406a63f10aa1424225a80453393af2e4cb78b5	PARTIAL	9e615b04ecd1e9b8b5afcd5f812ea17bd78d4a43	GitHub run 37222997784	Six-system typecheck/static/source-seal checks pass after strict typing repair. Experimental suite: 781 pass/10 fail in lo3-cage-command; bwrap cannot execute the /opt-hosted Node binary because it is outside bound runtime roots. No isolation weakening; experimental promotion/spec authority unresolved.	[]	true
EXP-06	Experimental systems	CURRENT_NOT_VERIFIED	8b406a63f10aa1424225a80453393af2e4cb78b5	NOT_VERIFIED	9e615b04ecd1e9b8b5afcd5f812ea17bd78d4a43	No deployment/signoff proof	No experimental deployment authorization/signoff established; experimental source remains advisory.	[]	true
EVID-01	Evidence hygiene	CURRENT_MISMATCH	8b406a63f10aa1424225a80453393af2e4cb78b5	MISMATCH	9e615b04ecd1e9b8b5afcd5f812ea17bd78d4a43	current-head-attestation.json	Historical embedded attestation still binds 7eb83a88eee1eb9d6357577ad937a82248933091 and dirty tree. Preserved as provenance; repaired producer no longer repeats its PASS claims. Independent final-head local logs supersede it without release approval.	[]	true
EVID-02	Evidence hygiene	CURRENT_MISMATCH	8b406a63f10aa1424225a80453393af2e4cb78b5	MISMATCH	9e615b04ecd1e9b8b5afcd5f812ea17bd78d4a43	E01-E12 source hashes vs frozen HEAD	Fresh SHA256 comparison of 13 explicit historical source bindings finds 12 mismatches; payloads preserved and superseded by source-hash refresh record.	[]	true
EVID-03	Evidence hygiene	CURRENT_MISMATCH	8b406a63f10aa1424225a80453393af2e4cb78b5	MISMATCH	9e615b04ecd1e9b8b5afcd5f812ea17bd78d4a43	E07/E12 validation claims	Historical E12 PASS/test counts are not bound to final HEAD; new local gate log manifest records actual executions without re-dating historical documents.	[]	true
EVID-04	Evidence hygiene	CURRENT_NOT_VERIFIED	8b406a63f10aa1424225a80453393af2e4cb78b5	NOT_VERIFIED	9e615b04ecd1e9b8b5afcd5f812ea17bd78d4a43	DOC-E §§9.2-9.5	Required human security/engineering/migration/monitoring signoffs and application release rollback receipt absent; isolated migration rollback is not application rollback.	[]	true
