ID	SYSTEM	PRODUCT_HEAD	SOURCE_BLOB_WHEN_RELEVANT	EX011_AUDIT_STATUS	EX011_EVIDENCE_SCOPE	EX010_HISTORICAL_STATUS_NOT_CURRENT_PROOF
AUTH-01	Authority	44bcb8517b5a2ab26f43d52eeeb8e0bc19ca9b08	NOT_APPLICABLE_OR_NOT_READ_THIS_TURN	SOURCE_HASH_VERIFIED	Actual authoritative DOCX local SHA-256 b35ee1bf8212579251f24914e11aebe103ff697f549f7a5812f07c53361d26b7 MATCH; DOC-C P9885,P9915 (0-based).	NOT_REASSESSED_010
AUTH-02	Authority	44bcb8517b5a2ab26f43d52eeeb8e0bc19ca9b08	NOT_APPLICABLE_OR_NOT_READ_THIS_TURN	NOT_REASSESSED_011	No current-head normative requirement+test reassessment for this ID in Execution011.	NOT_REASSESSED_010
AUTH-03	Authority	44bcb8517b5a2ab26f43d52eeeb8e0bc19ca9b08	NOT_APPLICABLE_OR_NOT_READ_THIS_TURN	NOT_REASSESSED_011	No current-head normative requirement+test reassessment for this ID in Execution011.	NOT_REASSESSED_010
AUTH-04	Authority	44bcb8517b5a2ab26f43d52eeeb8e0bc19ca9b08	NOT_APPLICABLE_OR_NOT_READ_THIS_TURN	BRANCH_HEAD_VERIFIED	Live GitHub NEXY.ai HEAD 44bcb8517b5a2ab26f43d52eeeb8e0bc19ca9b08; read-only source before Product write.	HEAD_VERIFIED
CON-01	Contracts	44bcb8517b5a2ab26f43d52eeeb8e0bc19ca9b08	NOT_APPLICABLE_OR_NOT_READ_THIS_TURN	NOT_REASSESSED_011	No current-head normative requirement+test reassessment for this ID in Execution011.	NOT_REASSESSED_010
CON-02	Contracts	44bcb8517b5a2ab26f43d52eeeb8e0bc19ca9b08	NOT_APPLICABLE_OR_NOT_READ_THIS_TURN	NOT_REASSESSED_011	No current-head normative requirement+test reassessment for this ID in Execution011.	NOT_REASSESSED_010
CON-03	Contracts	44bcb8517b5a2ab26f43d52eeeb8e0bc19ca9b08	NOT_APPLICABLE_OR_NOT_READ_THIS_TURN	NOT_REASSESSED_011	No current-head normative requirement+test reassessment for this ID in Execution011.	NOT_REASSESSED_010
CON-04	Contracts	44bcb8517b5a2ab26f43d52eeeb8e0bc19ca9b08	NOT_APPLICABLE_OR_NOT_READ_THIS_TURN	NOT_REASSESSED_011	No current-head normative requirement+test reassessment for this ID in Execution011.	NOT_REASSESSED_010
CON-05	Contracts	44bcb8517b5a2ab26f43d52eeeb8e0bc19ca9b08	NOT_APPLICABLE_OR_NOT_READ_THIS_TURN	NOT_REASSESSED_011	No current-head normative requirement+test reassessment for this ID in Execution011.	NOT_REASSESSED_010
CON-06	Contracts	44bcb8517b5a2ab26f43d52eeeb8e0bc19ca9b08	NOT_APPLICABLE_OR_NOT_READ_THIS_TURN	NOT_REASSESSED_011	No current-head normative requirement+test reassessment for this ID in Execution011.	NOT_REASSESSED_010
CFG-01	Configuration	44bcb8517b5a2ab26f43d52eeeb8e0bc19ca9b08	NOT_APPLICABLE_OR_NOT_READ_THIS_TURN	NOT_REASSESSED_011	No current-head normative requirement+test reassessment for this ID in Execution011.	NOT_REASSESSED_010
CFG-02	Configuration	44bcb8517b5a2ab26f43d52eeeb8e0bc19ca9b08	NOT_APPLICABLE_OR_NOT_READ_THIS_TURN	NOT_REASSESSED_011	No current-head normative requirement+test reassessment for this ID in Execution011.	NOT_REASSESSED_010
CFG-03	Configuration	44bcb8517b5a2ab26f43d52eeeb8e0bc19ca9b08	NOT_APPLICABLE_OR_NOT_READ_THIS_TURN	NOT_REASSESSED_011	No current-head normative requirement+test reassessment for this ID in Execution011.	NOT_REASSESSED_010
CFG-04	Configuration	44bcb8517b5a2ab26f43d52eeeb8e0bc19ca9b08	NOT_APPLICABLE_OR_NOT_READ_THIS_TURN	NOT_REASSESSED_011	No current-head normative requirement+test reassessment for this ID in Execution011.	NOT_REASSESSED_010
VAL-01	Validation	44bcb8517b5a2ab26f43d52eeeb8e0bc19ca9b08	NOT_APPLICABLE_OR_NOT_READ_THIS_TURN	NOT_REASSESSED_011	No current-head normative requirement+test reassessment for this ID in Execution011.	NOT_REASSESSED_010
VAL-02	Validation	44bcb8517b5a2ab26f43d52eeeb8e0bc19ca9b08	NOT_APPLICABLE_OR_NOT_READ_THIS_TURN	NOT_REASSESSED_011	No current-head normative requirement+test reassessment for this ID in Execution011.	NOT_REASSESSED_010
VAL-03	Validation	44bcb8517b5a2ab26f43d52eeeb8e0bc19ca9b08	NOT_APPLICABLE_OR_NOT_READ_THIS_TURN	NOT_REASSESSED_011	No current-head normative requirement+test reassessment for this ID in Execution011.	NOT_REASSESSED_010
VAL-04	Validation	44bcb8517b5a2ab26f43d52eeeb8e0bc19ca9b08	NOT_APPLICABLE_OR_NOT_READ_THIS_TURN	NOT_REASSESSED_011	No current-head normative requirement+test reassessment for this ID in Execution011.	NOT_REASSESSED_010
ARCH-01	Architecture	44bcb8517b5a2ab26f43d52eeeb8e0bc19ca9b08	NOT_APPLICABLE_OR_NOT_READ_THIS_TURN	NOT_REASSESSED_011	No current-head normative requirement+test reassessment for this ID in Execution011.	NOT_REASSESSED_010
ARCH-02	Architecture	44bcb8517b5a2ab26f43d52eeeb8e0bc19ca9b08	NOT_APPLICABLE_OR_NOT_READ_THIS_TURN	NOT_REASSESSED_011	No current-head normative requirement+test reassessment for this ID in Execution011.	NOT_REASSESSED_010
ARCH-03	Architecture	44bcb8517b5a2ab26f43d52eeeb8e0bc19ca9b08	NOT_APPLICABLE_OR_NOT_READ_THIS_TURN	NOT_REASSESSED_011	No current-head normative requirement+test reassessment for this ID in Execution011.	NOT_REASSESSED_010
ARCH-04	Architecture	44bcb8517b5a2ab26f43d52eeeb8e0bc19ca9b08	NOT_APPLICABLE_OR_NOT_READ_THIS_TURN	NOT_REASSESSED_011	No current-head normative requirement+test reassessment for this ID in Execution011.	NOT_REASSESSED_010
FSM-01	State machine	44bcb8517b5a2ab26f43d52eeeb8e0bc19ca9b08	NOT_APPLICABLE_OR_NOT_READ_THIS_TURN	NOT_REASSESSED_011	No current-head normative requirement+test reassessment for this ID in Execution011.	NOT_REASSESSED_010
FSM-02	State machine	44bcb8517b5a2ab26f43d52eeeb8e0bc19ca9b08	NOT_APPLICABLE_OR_NOT_READ_THIS_TURN	NOT_REASSESSED_011	No current-head normative requirement+test reassessment for this ID in Execution011.	NOT_REASSESSED_010
FSM-03	State machine	44bcb8517b5a2ab26f43d52eeeb8e0bc19ca9b08	NOT_APPLICABLE_OR_NOT_READ_THIS_TURN	NOT_REASSESSED_011	No current-head normative requirement+test reassessment for this ID in Execution011.	NOT_REASSESSED_010
FSM-04	State machine	44bcb8517b5a2ab26f43d52eeeb8e0bc19ca9b08	NOT_APPLICABLE_OR_NOT_READ_THIS_TURN	NOT_REASSESSED_011	No current-head normative requirement+test reassessment for this ID in Execution011.	NOT_REASSESSED_010
FSM-05	State machine	44bcb8517b5a2ab26f43d52eeeb8e0bc19ca9b08	NOT_APPLICABLE_OR_NOT_READ_THIS_TURN	NOT_REASSESSED_011	No current-head normative requirement+test reassessment for this ID in Execution011.	NOT_REASSESSED_010
PIPE-01	Multi-AI pipeline	44bcb8517b5a2ab26f43d52eeeb8e0bc19ca9b08	NOT_APPLICABLE_OR_NOT_READ_THIS_TURN	NOT_REASSESSED_011	No current-head normative requirement+test reassessment for this ID in Execution011.	SOURCE_ONLY
PIPE-02	Multi-AI pipeline	44bcb8517b5a2ab26f43d52eeeb8e0bc19ca9b08	eb9e261006c6496c78256d0ad1b287425cd2a8e8	SOURCE_ONLY_JUDGE_DERIVATION	packages/judge/candidate.ts blob eb9e261006c6496c78256d0ad1b287425cd2a8e8: quorumCount=votes.length and agentIds=votes.map(agentId); normal-path mismatch not proven.	NOT_REASSESSED_010
PIPE-03	Multi-AI pipeline	44bcb8517b5a2ab26f43d52eeeb8e0bc19ca9b08	f0ae1b06774e11cb2c0f417bc36c0d398347b036	EXECUTED_RED_GREEN_LAW_BOUNDARY	DOC-C quorum_min2 P9915; prerelease.ts original blob f0ae1b06774e11cb2c0f417bc36c0d398347b036 accepts inconsistent quorum; EX011 test blob 417f3932... RED2/5 fail, patched blob 696acae9... GREEN58/58 + backend tsc exit0; Product NOT_PATCHED.	NOT_REASSESSED_010
PIPE-04	Multi-AI pipeline	44bcb8517b5a2ab26f43d52eeeb8e0bc19ca9b08	NOT_APPLICABLE_OR_NOT_READ_THIS_TURN	NOT_REASSESSED_011	No current-head normative requirement+test reassessment for this ID in Execution011.	NOT_REASSESSED_010
PIPE-05	Multi-AI pipeline	44bcb8517b5a2ab26f43d52eeeb8e0bc19ca9b08	NOT_APPLICABLE_OR_NOT_READ_THIS_TURN	NOT_REASSESSED_011	No current-head normative requirement+test reassessment for this ID in Execution011.	SOURCE_COMPILE_ONLY
PIPE-06	Multi-AI pipeline	44bcb8517b5a2ab26f43d52eeeb8e0bc19ca9b08	NOT_APPLICABLE_OR_NOT_READ_THIS_TURN	NOT_REASSESSED_011	No current-head normative requirement+test reassessment for this ID in Execution011.	RELEASE_RACE_RISK_UNVERIFIED
PIPE-07	Multi-AI pipeline	44bcb8517b5a2ab26f43d52eeeb8e0bc19ca9b08	NOT_APPLICABLE_OR_NOT_READ_THIS_TURN	NOT_REASSESSED_011	No current-head normative requirement+test reassessment for this ID in Execution011.	NOT_REASSESSED_010
API-01	API	44bcb8517b5a2ab26f43d52eeeb8e0bc19ca9b08	NOT_APPLICABLE_OR_NOT_READ_THIS_TURN	NOT_REASSESSED_011	No current-head normative requirement+test reassessment for this ID in Execution011.	NOT_REASSESSED_010
API-02	API	44bcb8517b5a2ab26f43d52eeeb8e0bc19ca9b08	NOT_APPLICABLE_OR_NOT_READ_THIS_TURN	NOT_REASSESSED_011	No current-head normative requirement+test reassessment for this ID in Execution011.	NOT_REASSESSED_010
API-03	API	44bcb8517b5a2ab26f43d52eeeb8e0bc19ca9b08	NOT_APPLICABLE_OR_NOT_READ_THIS_TURN	NOT_REASSESSED_011	No current-head normative requirement+test reassessment for this ID in Execution011.	NOT_REASSESSED_010
API-04	API	44bcb8517b5a2ab26f43d52eeeb8e0bc19ca9b08	NOT_APPLICABLE_OR_NOT_READ_THIS_TURN	NOT_REASSESSED_011	No current-head normative requirement+test reassessment for this ID in Execution011.	NOT_REASSESSED_010
API-05	API	44bcb8517b5a2ab26f43d52eeeb8e0bc19ca9b08	NOT_APPLICABLE_OR_NOT_READ_THIS_TURN	NOT_REASSESSED_011	No current-head normative requirement+test reassessment for this ID in Execution011.	NOT_REASSESSED_010
API-06	API	44bcb8517b5a2ab26f43d52eeeb8e0bc19ca9b08	NOT_APPLICABLE_OR_NOT_READ_THIS_TURN	NOT_REASSESSED_011	No current-head normative requirement+test reassessment for this ID in Execution011.	NOT_REASSESSED_010
API-07	API	44bcb8517b5a2ab26f43d52eeeb8e0bc19ca9b08	NOT_APPLICABLE_OR_NOT_READ_THIS_TURN	NOT_REASSESSED_011	No current-head normative requirement+test reassessment for this ID in Execution011.	NOT_REASSESSED_010
API-08	API	44bcb8517b5a2ab26f43d52eeeb8e0bc19ca9b08	NOT_APPLICABLE_OR_NOT_READ_THIS_TURN	NOT_REASSESSED_011	No current-head normative requirement+test reassessment for this ID in Execution011.	NOT_REASSESSED_010
AUTH-05	Authentication	44bcb8517b5a2ab26f43d52eeeb8e0bc19ca9b08	NOT_APPLICABLE_OR_NOT_READ_THIS_TURN	NOT_REASSESSED_011	No current-head normative requirement+test reassessment for this ID in Execution011.	NOT_REASSESSED_010
AUTH-06	Authentication	44bcb8517b5a2ab26f43d52eeeb8e0bc19ca9b08	NOT_APPLICABLE_OR_NOT_READ_THIS_TURN	NOT_REASSESSED_011	No current-head normative requirement+test reassessment for this ID in Execution011.	NOT_REASSESSED_010
AUTH-07	Authentication	44bcb8517b5a2ab26f43d52eeeb8e0bc19ca9b08	NOT_APPLICABLE_OR_NOT_READ_THIS_TURN	NOT_REASSESSED_011	No current-head normative requirement+test reassessment for this ID in Execution011.	NOT_REASSESSED_010
AUTH-08	Authentication	44bcb8517b5a2ab26f43d52eeeb8e0bc19ca9b08	NOT_APPLICABLE_OR_NOT_READ_THIS_TURN	NOT_REASSESSED_011	No current-head normative requirement+test reassessment for this ID in Execution011.	NOT_REASSESSED_010
AUTH-09	Authentication	44bcb8517b5a2ab26f43d52eeeb8e0bc19ca9b08	NOT_APPLICABLE_OR_NOT_READ_THIS_TURN	NOT_REASSESSED_011	No current-head normative requirement+test reassessment for this ID in Execution011.	NOT_REASSESSED_010
AUTH-10	Authentication	44bcb8517b5a2ab26f43d52eeeb8e0bc19ca9b08	NOT_APPLICABLE_OR_NOT_READ_THIS_TURN	NOT_REASSESSED_011	No current-head normative requirement+test reassessment for this ID in Execution011.	NOT_REASSESSED_010
AUTH-11	Authentication	44bcb8517b5a2ab26f43d52eeeb8e0bc19ca9b08	NOT_APPLICABLE_OR_NOT_READ_THIS_TURN	NOT_REASSESSED_011	No current-head normative requirement+test reassessment for this ID in Execution011.	NOT_REASSESSED_010
STORE-01	Storage	44bcb8517b5a2ab26f43d52eeeb8e0bc19ca9b08	NOT_APPLICABLE_OR_NOT_READ_THIS_TURN	NOT_REASSESSED_011	No current-head normative requirement+test reassessment for this ID in Execution011.	NOT_REASSESSED_010
STORE-02	Storage	44bcb8517b5a2ab26f43d52eeeb8e0bc19ca9b08	NOT_APPLICABLE_OR_NOT_READ_THIS_TURN	NOT_REASSESSED_011	No current-head normative requirement+test reassessment for this ID in Execution011.	NOT_REASSESSED_010
STORE-03	Storage	44bcb8517b5a2ab26f43d52eeeb8e0bc19ca9b08	NOT_APPLICABLE_OR_NOT_READ_THIS_TURN	NOT_REASSESSED_011	No current-head normative requirement+test reassessment for this ID in Execution011.	NOT_REASSESSED_010
STORE-04	Storage	44bcb8517b5a2ab26f43d52eeeb8e0bc19ca9b08	NOT_APPLICABLE_OR_NOT_READ_THIS_TURN	NOT_REASSESSED_011	No current-head normative requirement+test reassessment for this ID in Execution011.	NOT_REASSESSED_010
STORE-05	Storage	44bcb8517b5a2ab26f43d52eeeb8e0bc19ca9b08	NOT_APPLICABLE_OR_NOT_READ_THIS_TURN	NOT_REASSESSED_011	No current-head normative requirement+test reassessment for this ID in Execution011.	NOT_REASSESSED_010
STORE-06	Storage	44bcb8517b5a2ab26f43d52eeeb8e0bc19ca9b08	NOT_APPLICABLE_OR_NOT_READ_THIS_TURN	NOT_REASSESSED_011	No current-head normative requirement+test reassessment for this ID in Execution011.	NOT_REASSESSED_010
STORE-07	Storage	44bcb8517b5a2ab26f43d52eeeb8e0bc19ca9b08	NOT_APPLICABLE_OR_NOT_READ_THIS_TURN	NOT_REASSESSED_011	No current-head normative requirement+test reassessment for this ID in Execution011.	NOT_REASSESSED_010
RBAC-01	RBAC	44bcb8517b5a2ab26f43d52eeeb8e0bc19ca9b08	NOT_APPLICABLE_OR_NOT_READ_THIS_TURN	NOT_REASSESSED_011	No current-head normative requirement+test reassessment for this ID in Execution011.	NOT_REASSESSED_010
RBAC-02	RBAC	44bcb8517b5a2ab26f43d52eeeb8e0bc19ca9b08	NOT_APPLICABLE_OR_NOT_READ_THIS_TURN	NOT_REASSESSED_011	No current-head normative requirement+test reassessment for this ID in Execution011.	NOT_REASSESSED_010
RBAC-03	RBAC	44bcb8517b5a2ab26f43d52eeeb8e0bc19ca9b08	NOT_APPLICABLE_OR_NOT_READ_THIS_TURN	NOT_REASSESSED_011	No current-head normative requirement+test reassessment for this ID in Execution011.	NOT_REASSESSED_010
RBAC-04	RBAC	44bcb8517b5a2ab26f43d52eeeb8e0bc19ca9b08	NOT_APPLICABLE_OR_NOT_READ_THIS_TURN	NOT_REASSESSED_011	No current-head normative requirement+test reassessment for this ID in Execution011.	NOT_REASSESSED_010
OBS-01	Observability	44bcb8517b5a2ab26f43d52eeeb8e0bc19ca9b08	NOT_APPLICABLE_OR_NOT_READ_THIS_TURN	NOT_REASSESSED_011	No current-head normative requirement+test reassessment for this ID in Execution011.	NOT_REASSESSED_010
OBS-02	Observability	44bcb8517b5a2ab26f43d52eeeb8e0bc19ca9b08	NOT_APPLICABLE_OR_NOT_READ_THIS_TURN	NOT_REASSESSED_011	No current-head normative requirement+test reassessment for this ID in Execution011.	NOT_REASSESSED_010
OBS-03	Observability	44bcb8517b5a2ab26f43d52eeeb8e0bc19ca9b08	NOT_APPLICABLE_OR_NOT_READ_THIS_TURN	NOT_REASSESSED_011	No current-head normative requirement+test reassessment for this ID in Execution011.	NOT_REASSESSED_010
OBS-04	Observability	44bcb8517b5a2ab26f43d52eeeb8e0bc19ca9b08	NOT_APPLICABLE_OR_NOT_READ_THIS_TURN	NOT_REASSESSED_011	No current-head normative requirement+test reassessment for this ID in Execution011.	NOT_REASSESSED_010
OBS-05	Observability	44bcb8517b5a2ab26f43d52eeeb8e0bc19ca9b08	NOT_APPLICABLE_OR_NOT_READ_THIS_TURN	NOT_REASSESSED_011	No current-head normative requirement+test reassessment for this ID in Execution011.	NOT_REASSESSED_010
QUEUE-01	Queue/retention	44bcb8517b5a2ab26f43d52eeeb8e0bc19ca9b08	NOT_APPLICABLE_OR_NOT_READ_THIS_TURN	NOT_REASSESSED_011	No current-head normative requirement+test reassessment for this ID in Execution011.	SOURCE_ONLY
QUEUE-02	Queue/retention	44bcb8517b5a2ab26f43d52eeeb8e0bc19ca9b08	NOT_APPLICABLE_OR_NOT_READ_THIS_TURN	NOT_REASSESSED_011	No current-head normative requirement+test reassessment for this ID in Execution011.	HARNESS_READY_NOT_RUN
QUEUE-03	Queue/retention	44bcb8517b5a2ab26f43d52eeeb8e0bc19ca9b08	NOT_APPLICABLE_OR_NOT_READ_THIS_TURN	NOT_REASSESSED_011	No current-head normative requirement+test reassessment for this ID in Execution011.	SOURCE_PARTIAL
QUEUE-04	Queue/retention	44bcb8517b5a2ab26f43d52eeeb8e0bc19ca9b08	NOT_APPLICABLE_OR_NOT_READ_THIS_TURN	NOT_REASSESSED_011	No current-head normative requirement+test reassessment for this ID in Execution011.	STATIC_ONLY
QUEUE-05	Queue/retention	44bcb8517b5a2ab26f43d52eeeb8e0bc19ca9b08	NOT_APPLICABLE_OR_NOT_READ_THIS_TURN	NOT_REASSESSED_011	No current-head normative requirement+test reassessment for this ID in Execution011.	SOURCE_TEST_PLAN
QUEUE-06	Queue/retention	44bcb8517b5a2ab26f43d52eeeb8e0bc19ca9b08	NOT_APPLICABLE_OR_NOT_READ_THIS_TURN	NOT_REASSESSED_011	No current-head normative requirement+test reassessment for this ID in Execution011.	TEST_ONLY_TSA_UNVERIFIED
UI-01	UI/UX	44bcb8517b5a2ab26f43d52eeeb8e0bc19ca9b08	NOT_APPLICABLE_OR_NOT_READ_THIS_TURN	NOT_REASSESSED_011	No current-head normative requirement+test reassessment for this ID in Execution011.	NOT_REASSESSED_010
UI-02	UI/UX	44bcb8517b5a2ab26f43d52eeeb8e0bc19ca9b08	NOT_APPLICABLE_OR_NOT_READ_THIS_TURN	NOT_REASSESSED_011	No current-head normative requirement+test reassessment for this ID in Execution011.	NOT_REASSESSED_010
UI-03	UI/UX	44bcb8517b5a2ab26f43d52eeeb8e0bc19ca9b08	NOT_APPLICABLE_OR_NOT_READ_THIS_TURN	NOT_REASSESSED_011	No current-head normative requirement+test reassessment for this ID in Execution011.	NOT_REASSESSED_010
UI-04	UI/UX	44bcb8517b5a2ab26f43d52eeeb8e0bc19ca9b08	NOT_APPLICABLE_OR_NOT_READ_THIS_TURN	NOT_REASSESSED_011	No current-head normative requirement+test reassessment for this ID in Execution011.	NOT_REASSESSED_010
UI-05	UI/UX	44bcb8517b5a2ab26f43d52eeeb8e0bc19ca9b08	NOT_APPLICABLE_OR_NOT_READ_THIS_TURN	NOT_REASSESSED_011	No current-head normative requirement+test reassessment for this ID in Execution011.	NOT_REASSESSED_010
UI-06	UI/UX	44bcb8517b5a2ab26f43d52eeeb8e0bc19ca9b08	NOT_APPLICABLE_OR_NOT_READ_THIS_TURN	NOT_REASSESSED_011	No current-head normative requirement+test reassessment for this ID in Execution011.	NOT_REASSESSED_010
UI-07	UI/UX	44bcb8517b5a2ab26f43d52eeeb8e0bc19ca9b08	NOT_APPLICABLE_OR_NOT_READ_THIS_TURN	NOT_REASSESSED_011	No current-head normative requirement+test reassessment for this ID in Execution011.	NOT_REASSESSED_010
GATE-01	Test/deploy	44bcb8517b5a2ab26f43d52eeeb8e0bc19ca9b08	NOT_APPLICABLE_OR_NOT_READ_THIS_TURN	LOCAL_BACKEND_TYPECHECK_VERIFIED	Windows isolated checkout node node_modules/typescript/bin/tsc --noEmit -p tsconfig.json exit0 after LAW candidate patch.	STRICT_COMPILE_PASS
GATE-02	Test/deploy	44bcb8517b5a2ab26f43d52eeeb8e0bc19ca9b08	NOT_APPLICABLE_OR_NOT_READ_THIS_TURN	BROAD_REGRESSION_NOT_GREEN	Vitest 135 suites, 916 tests, exit1 twice; latest JSON 909/916 pass, 7 fail in Rust/cargo, tier-depth and current-head tests.	HARNESS_READY_PARTIAL
GATE-03	Test/deploy	44bcb8517b5a2ab26f43d52eeeb8e0bc19ca9b08	NOT_APPLICABLE_OR_NOT_READ_THIS_TURN	GITHUB_CI_FAILURE_UNATTRIBUTED	Exact Product HEAD CI attempt2 E7 run 37741650376 failed without usable execution steps; no code root-cause proof.	CI_FAILURE_UNKNOWN_CAUSE
GATE-04	Test/deploy	44bcb8517b5a2ab26f43d52eeeb8e0bc19ca9b08	NOT_APPLICABLE_OR_NOT_READ_THIS_TURN	NOT_REASSESSED_011	No current-head normative requirement+test reassessment for this ID in Execution011.	CI_FAILURE_UNKNOWN_CAUSE
GATE-05	Test/deploy	44bcb8517b5a2ab26f43d52eeeb8e0bc19ca9b08	NOT_APPLICABLE_OR_NOT_READ_THIS_TURN	REAL_G3_NOT_RUN	Windows no Postgres/Redis/Docker, Termalin no hosts, Railway project only production services; no authorized isolated G3 receipts.	CI_FAILURE_UNKNOWN_CAUSE
GATE-06	Test/deploy	44bcb8517b5a2ab26f43d52eeeb8e0bc19ca9b08	NOT_APPLICABLE_OR_NOT_READ_THIS_TURN	NOT_REASSESSED_011	No current-head normative requirement+test reassessment for this ID in Execution011.	RELEASE_BLOCKED
SCOPE-01	Scope fence	44bcb8517b5a2ab26f43d52eeeb8e0bc19ca9b08	NOT_APPLICABLE_OR_NOT_READ_THIS_TURN	NOT_REASSESSED_011	No current-head normative requirement+test reassessment for this ID in Execution011.	NOT_REASSESSED_010
SCOPE-02	Scope fence	44bcb8517b5a2ab26f43d52eeeb8e0bc19ca9b08	NOT_APPLICABLE_OR_NOT_READ_THIS_TURN	NOT_REASSESSED_011	No current-head normative requirement+test reassessment for this ID in Execution011.	NOT_REASSESSED_010
SCOPE-03	Scope fence	44bcb8517b5a2ab26f43d52eeeb8e0bc19ca9b08	NOT_APPLICABLE_OR_NOT_READ_THIS_TURN	NOT_REASSESSED_011	No current-head normative requirement+test reassessment for this ID in Execution011.	NOT_REASSESSED_010
SCOPE-04	Scope fence	44bcb8517b5a2ab26f43d52eeeb8e0bc19ca9b08	NOT_APPLICABLE_OR_NOT_READ_THIS_TURN	NOT_REASSESSED_011	No current-head normative requirement+test reassessment for this ID in Execution011.	NOT_REASSESSED_010
EXP-01	Experimental systems	44bcb8517b5a2ab26f43d52eeeb8e0bc19ca9b08	NOT_APPLICABLE_OR_NOT_READ_THIS_TURN	NOT_REASSESSED_011	No current-head normative requirement+test reassessment for this ID in Execution011.	NOT_REASSESSED_010
EXP-02	Experimental systems	44bcb8517b5a2ab26f43d52eeeb8e0bc19ca9b08	NOT_APPLICABLE_OR_NOT_READ_THIS_TURN	NOT_REASSESSED_011	No current-head normative requirement+test reassessment for this ID in Execution011.	NOT_REASSESSED_010
EXP-03	Experimental systems	44bcb8517b5a2ab26f43d52eeeb8e0bc19ca9b08	NOT_APPLICABLE_OR_NOT_READ_THIS_TURN	NOT_REASSESSED_011	No current-head normative requirement+test reassessment for this ID in Execution011.	NOT_REASSESSED_010
EXP-04	Experimental systems	44bcb8517b5a2ab26f43d52eeeb8e0bc19ca9b08	NOT_APPLICABLE_OR_NOT_READ_THIS_TURN	NOT_REASSESSED_011	No current-head normative requirement+test reassessment for this ID in Execution011.	NOT_REASSESSED_010
EXP-05	Experimental systems	44bcb8517b5a2ab26f43d52eeeb8e0bc19ca9b08	NOT_APPLICABLE_OR_NOT_READ_THIS_TURN	NOT_REASSESSED_011	No current-head normative requirement+test reassessment for this ID in Execution011.	CAGE_RISK_SOURCE_ONLY
EXP-06	Experimental systems	44bcb8517b5a2ab26f43d52eeeb8e0bc19ca9b08	NOT_APPLICABLE_OR_NOT_READ_THIS_TURN	NOT_REASSESSED_011	No current-head normative requirement+test reassessment for this ID in Execution011.	NOT_REASSESSED_010
EVID-01	Evidence hygiene	44bcb8517b5a2ab26f43d52eeeb8e0bc19ca9b08	NOT_APPLICABLE_OR_NOT_READ_THIS_TURN	NOT_REASSESSED_011	No current-head normative requirement+test reassessment for this ID in Execution011.	NOT_REASSESSED_010
EVID-02	Evidence hygiene	44bcb8517b5a2ab26f43d52eeeb8e0bc19ca9b08	NOT_APPLICABLE_OR_NOT_READ_THIS_TURN	NOT_REASSESSED_011	No current-head normative requirement+test reassessment for this ID in Execution011.	NOT_REASSESSED_010
EVID-03	Evidence hygiene	44bcb8517b5a2ab26f43d52eeeb8e0bc19ca9b08	NOT_APPLICABLE_OR_NOT_READ_THIS_TURN	NOT_REASSESSED_011	No current-head normative requirement+test reassessment for this ID in Execution011.	NOT_REASSESSED_010
EVID-04	Evidence hygiene	44bcb8517b5a2ab26f43d52eeeb8e0bc19ca9b08	NOT_APPLICABLE_OR_NOT_READ_THIS_TURN	NOT_REASSESSED_011	No current-head normative requirement+test reassessment for this ID in Execution011.	SIGNOFF_NOT_VERIFIED
