ID	SYSTEM	PRODUCT_HEAD	CURRENT_008_STATUS	008_EVIDENCE	PROOF_DEPTH	LEGACY_MATRIX_BLOB
AUTH-01	Authority	44bcb8517b5a2ab26f43d52eeeb8e0bc19ca9b08	DOCX_SHA_VERIFIED	SHA256_MATCH	SOURCE_OR_METADATA	f18b4874b875ca713dd007c7feddffba13d0f380
AUTH-02	Authority	44bcb8517b5a2ab26f43d52eeeb8e0bc19ca9b08	DOC_C_PARTIAL_INSPECTION	P09844_P09946	SOURCE_OR_METADATA	f18b4874b875ca713dd007c7feddffba13d0f380
AUTH-03	Authority	44bcb8517b5a2ab26f43d52eeeb8e0bc19ca9b08	NOT_REASSESSED	NONE	NONE	f18b4874b875ca713dd007c7feddffba13d0f380
AUTH-04	Authority	44bcb8517b5a2ab26f43d52eeeb8e0bc19ca9b08	BRANCH_HEAD_VERIFIED	44bcb8517b5a2ab26f43d52eeeb8e0bc19ca9b08	SOURCE_OR_METADATA	f18b4874b875ca713dd007c7feddffba13d0f380
CON-01	Contracts	44bcb8517b5a2ab26f43d52eeeb8e0bc19ca9b08	NOT_REASSESSED	NONE	NONE	f18b4874b875ca713dd007c7feddffba13d0f380
CON-02	Contracts	44bcb8517b5a2ab26f43d52eeeb8e0bc19ca9b08	NOT_REASSESSED	NONE	NONE	f18b4874b875ca713dd007c7feddffba13d0f380
CON-03	Contracts	44bcb8517b5a2ab26f43d52eeeb8e0bc19ca9b08	NOT_REASSESSED	NONE	NONE	f18b4874b875ca713dd007c7feddffba13d0f380
CON-04	Contracts	44bcb8517b5a2ab26f43d52eeeb8e0bc19ca9b08	NOT_REASSESSED	NONE	NONE	f18b4874b875ca713dd007c7feddffba13d0f380
CON-05	Contracts	44bcb8517b5a2ab26f43d52eeeb8e0bc19ca9b08	NOT_REASSESSED	NONE	NONE	f18b4874b875ca713dd007c7feddffba13d0f380
CON-06	Contracts	44bcb8517b5a2ab26f43d52eeeb8e0bc19ca9b08	NOT_REASSESSED	NONE	NONE	f18b4874b875ca713dd007c7feddffba13d0f380
CFG-01	Configuration	44bcb8517b5a2ab26f43d52eeeb8e0bc19ca9b08	NOT_REASSESSED	NONE	NONE	f18b4874b875ca713dd007c7feddffba13d0f380
CFG-02	Configuration	44bcb8517b5a2ab26f43d52eeeb8e0bc19ca9b08	NOT_REASSESSED	NONE	NONE	f18b4874b875ca713dd007c7feddffba13d0f380
CFG-03	Configuration	44bcb8517b5a2ab26f43d52eeeb8e0bc19ca9b08	NOT_REASSESSED	NONE	NONE	f18b4874b875ca713dd007c7feddffba13d0f380
CFG-04	Configuration	44bcb8517b5a2ab26f43d52eeeb8e0bc19ca9b08	NOT_REASSESSED	NONE	NONE	f18b4874b875ca713dd007c7feddffba13d0f380
VAL-01	Validation	44bcb8517b5a2ab26f43d52eeeb8e0bc19ca9b08	NOT_REASSESSED	NONE	NONE	f18b4874b875ca713dd007c7feddffba13d0f380
VAL-02	Validation	44bcb8517b5a2ab26f43d52eeeb8e0bc19ca9b08	NOT_REASSESSED	NONE	NONE	f18b4874b875ca713dd007c7feddffba13d0f380
VAL-03	Validation	44bcb8517b5a2ab26f43d52eeeb8e0bc19ca9b08	NOT_REASSESSED	NONE	NONE	f18b4874b875ca713dd007c7feddffba13d0f380
VAL-04	Validation	44bcb8517b5a2ab26f43d52eeeb8e0bc19ca9b08	NOT_REASSESSED	NONE	NONE	f18b4874b875ca713dd007c7feddffba13d0f380
ARCH-01	Architecture	44bcb8517b5a2ab26f43d52eeeb8e0bc19ca9b08	NOT_REASSESSED	NONE	NONE	f18b4874b875ca713dd007c7feddffba13d0f380
ARCH-02	Architecture	44bcb8517b5a2ab26f43d52eeeb8e0bc19ca9b08	NOT_REASSESSED	NONE	NONE	f18b4874b875ca713dd007c7feddffba13d0f380
ARCH-03	Architecture	44bcb8517b5a2ab26f43d52eeeb8e0bc19ca9b08	NOT_REASSESSED	NONE	NONE	f18b4874b875ca713dd007c7feddffba13d0f380
ARCH-04	Architecture	44bcb8517b5a2ab26f43d52eeeb8e0bc19ca9b08	NOT_REASSESSED	NONE	NONE	f18b4874b875ca713dd007c7feddffba13d0f380
FSM-01	State machine	44bcb8517b5a2ab26f43d52eeeb8e0bc19ca9b08	NOT_REASSESSED	NONE	NONE	f18b4874b875ca713dd007c7feddffba13d0f380
FSM-02	State machine	44bcb8517b5a2ab26f43d52eeeb8e0bc19ca9b08	NOT_REASSESSED	NONE	NONE	f18b4874b875ca713dd007c7feddffba13d0f380
FSM-03	State machine	44bcb8517b5a2ab26f43d52eeeb8e0bc19ca9b08	NOT_REASSESSED	NONE	NONE	f18b4874b875ca713dd007c7feddffba13d0f380
FSM-04	State machine	44bcb8517b5a2ab26f43d52eeeb8e0bc19ca9b08	NOT_REASSESSED	NONE	NONE	f18b4874b875ca713dd007c7feddffba13d0f380
FSM-05	State machine	44bcb8517b5a2ab26f43d52eeeb8e0bc19ca9b08	NOT_REASSESSED	NONE	NONE	f18b4874b875ca713dd007c7feddffba13d0f380
PIPE-01	Multi-AI pipeline	44bcb8517b5a2ab26f43d52eeeb8e0bc19ca9b08	NOT_REASSESSED	NONE	NONE	f18b4874b875ca713dd007c7feddffba13d0f380
PIPE-02	Multi-AI pipeline	44bcb8517b5a2ab26f43d52eeeb8e0bc19ca9b08	NOT_REASSESSED	NONE	NONE	f18b4874b875ca713dd007c7feddffba13d0f380
PIPE-03	Multi-AI pipeline	44bcb8517b5a2ab26f43d52eeeb8e0bc19ca9b08	NOT_REASSESSED	NONE	NONE	f18b4874b875ca713dd007c7feddffba13d0f380
PIPE-04	Multi-AI pipeline	44bcb8517b5a2ab26f43d52eeeb8e0bc19ca9b08	NOT_REASSESSED	NONE	NONE	f18b4874b875ca713dd007c7feddffba13d0f380
PIPE-05	Multi-AI pipeline	44bcb8517b5a2ab26f43d52eeeb8e0bc19ca9b08	NOT_REASSESSED	NONE	NONE	f18b4874b875ca713dd007c7feddffba13d0f380
PIPE-06	Multi-AI pipeline	44bcb8517b5a2ab26f43d52eeeb8e0bc19ca9b08	NOT_REASSESSED	NONE	NONE	f18b4874b875ca713dd007c7feddffba13d0f380
PIPE-07	Multi-AI pipeline	44bcb8517b5a2ab26f43d52eeeb8e0bc19ca9b08	NOT_REASSESSED	NONE	NONE	f18b4874b875ca713dd007c7feddffba13d0f380
API-01	API	44bcb8517b5a2ab26f43d52eeeb8e0bc19ca9b08	NOT_REASSESSED	NONE	NONE	f18b4874b875ca713dd007c7feddffba13d0f380
API-02	API	44bcb8517b5a2ab26f43d52eeeb8e0bc19ca9b08	NOT_REASSESSED	NONE	NONE	f18b4874b875ca713dd007c7feddffba13d0f380
API-03	API	44bcb8517b5a2ab26f43d52eeeb8e0bc19ca9b08	NOT_REASSESSED	NONE	NONE	f18b4874b875ca713dd007c7feddffba13d0f380
API-04	API	44bcb8517b5a2ab26f43d52eeeb8e0bc19ca9b08	NOT_REASSESSED	NONE	NONE	f18b4874b875ca713dd007c7feddffba13d0f380
API-05	API	44bcb8517b5a2ab26f43d52eeeb8e0bc19ca9b08	NOT_REASSESSED	NONE	NONE	f18b4874b875ca713dd007c7feddffba13d0f380
API-06	API	44bcb8517b5a2ab26f43d52eeeb8e0bc19ca9b08	NOT_REASSESSED	NONE	NONE	f18b4874b875ca713dd007c7feddffba13d0f380
API-07	API	44bcb8517b5a2ab26f43d52eeeb8e0bc19ca9b08	NOT_REASSESSED	NONE	NONE	f18b4874b875ca713dd007c7feddffba13d0f380
API-08	API	44bcb8517b5a2ab26f43d52eeeb8e0bc19ca9b08	NOT_REASSESSED	NONE	NONE	f18b4874b875ca713dd007c7feddffba13d0f380
AUTH-05	Authentication	44bcb8517b5a2ab26f43d52eeeb8e0bc19ca9b08	NOT_REASSESSED	NONE	NONE	f18b4874b875ca713dd007c7feddffba13d0f380
AUTH-06	Authentication	44bcb8517b5a2ab26f43d52eeeb8e0bc19ca9b08	NOT_REASSESSED	NONE	NONE	f18b4874b875ca713dd007c7feddffba13d0f380
AUTH-07	Authentication	44bcb8517b5a2ab26f43d52eeeb8e0bc19ca9b08	NOT_REASSESSED	NONE	NONE	f18b4874b875ca713dd007c7feddffba13d0f380
AUTH-08	Authentication	44bcb8517b5a2ab26f43d52eeeb8e0bc19ca9b08	NOT_REASSESSED	NONE	NONE	f18b4874b875ca713dd007c7feddffba13d0f380
AUTH-09	Authentication	44bcb8517b5a2ab26f43d52eeeb8e0bc19ca9b08	NOT_REASSESSED	NONE	NONE	f18b4874b875ca713dd007c7feddffba13d0f380
AUTH-10	Authentication	44bcb8517b5a2ab26f43d52eeeb8e0bc19ca9b08	NOT_REASSESSED	NONE	NONE	f18b4874b875ca713dd007c7feddffba13d0f380
AUTH-11	Authentication	44bcb8517b5a2ab26f43d52eeeb8e0bc19ca9b08	NOT_REASSESSED	NONE	NONE	f18b4874b875ca713dd007c7feddffba13d0f380
STORE-01	Storage	44bcb8517b5a2ab26f43d52eeeb8e0bc19ca9b08	NOT_REASSESSED	NONE	NONE	f18b4874b875ca713dd007c7feddffba13d0f380
STORE-02	Storage	44bcb8517b5a2ab26f43d52eeeb8e0bc19ca9b08	NOT_REASSESSED	NONE	NONE	f18b4874b875ca713dd007c7feddffba13d0f380
STORE-03	Storage	44bcb8517b5a2ab26f43d52eeeb8e0bc19ca9b08	NOT_REASSESSED	NONE	NONE	f18b4874b875ca713dd007c7feddffba13d0f380
STORE-04	Storage	44bcb8517b5a2ab26f43d52eeeb8e0bc19ca9b08	NOT_REASSESSED	NONE	NONE	f18b4874b875ca713dd007c7feddffba13d0f380
STORE-05	Storage	44bcb8517b5a2ab26f43d52eeeb8e0bc19ca9b08	NOT_REASSESSED	NONE	NONE	f18b4874b875ca713dd007c7feddffba13d0f380
STORE-06	Storage	44bcb8517b5a2ab26f43d52eeeb8e0bc19ca9b08	NOT_REASSESSED	NONE	NONE	f18b4874b875ca713dd007c7feddffba13d0f380
STORE-07	Storage	44bcb8517b5a2ab26f43d52eeeb8e0bc19ca9b08	NOT_REASSESSED	NONE	NONE	f18b4874b875ca713dd007c7feddffba13d0f380
RBAC-01	RBAC	44bcb8517b5a2ab26f43d52eeeb8e0bc19ca9b08	NOT_REASSESSED	NONE	NONE	f18b4874b875ca713dd007c7feddffba13d0f380
RBAC-02	RBAC	44bcb8517b5a2ab26f43d52eeeb8e0bc19ca9b08	NOT_REASSESSED	NONE	NONE	f18b4874b875ca713dd007c7feddffba13d0f380
RBAC-03	RBAC	44bcb8517b5a2ab26f43d52eeeb8e0bc19ca9b08	NOT_REASSESSED	NONE	NONE	f18b4874b875ca713dd007c7feddffba13d0f380
RBAC-04	RBAC	44bcb8517b5a2ab26f43d52eeeb8e0bc19ca9b08	NOT_REASSESSED	NONE	NONE	f18b4874b875ca713dd007c7feddffba13d0f380
OBS-01	Observability	44bcb8517b5a2ab26f43d52eeeb8e0bc19ca9b08	NOT_REASSESSED	NONE	NONE	f18b4874b875ca713dd007c7feddffba13d0f380
OBS-02	Observability	44bcb8517b5a2ab26f43d52eeeb8e0bc19ca9b08	NOT_REASSESSED	NONE	NONE	f18b4874b875ca713dd007c7feddffba13d0f380
OBS-03	Observability	44bcb8517b5a2ab26f43d52eeeb8e0bc19ca9b08	NOT_REASSESSED	NONE	NONE	f18b4874b875ca713dd007c7feddffba13d0f380
OBS-04	Observability	44bcb8517b5a2ab26f43d52eeeb8e0bc19ca9b08	NOT_REASSESSED	NONE	NONE	f18b4874b875ca713dd007c7feddffba13d0f380
OBS-05	Observability	44bcb8517b5a2ab26f43d52eeeb8e0bc19ca9b08	NOT_REASSESSED	NONE	NONE	f18b4874b875ca713dd007c7feddffba13d0f380
QUEUE-01	Queue/retention	44bcb8517b5a2ab26f43d52eeeb8e0bc19ca9b08	MOCK_SOURCE_PARTIAL	JOBS_WORKERS_BOUNDARY_4_PASSED	SOURCE+MOCK_BEHAVIOR	f18b4874b875ca713dd007c7feddffba13d0f380
QUEUE-02	Queue/retention	44bcb8517b5a2ab26f43d52eeeb8e0bc19ca9b08	CURRENT_PRODUCT_MISMATCH	RED_6_FAILED_GREEN_9_PASSED_ONLY_IN_TEMP	SOURCE+MOCK_BEHAVIOR	f18b4874b875ca713dd007c7feddffba13d0f380
QUEUE-03	Queue/retention	44bcb8517b5a2ab26f43d52eeeb8e0bc19ca9b08	MOCK_SOURCE_PARTIAL	RETRY_CONTRACT_3_PASSED	SOURCE+MOCK_BEHAVIOR	f18b4874b875ca713dd007c7feddffba13d0f380
QUEUE-04	Queue/retention	44bcb8517b5a2ab26f43d52eeeb8e0bc19ca9b08	SOURCE_CONFIG_MATCH	TTL_900000_AND_CONCURRENCY_10	SOURCE_OR_METADATA	f18b4874b875ca713dd007c7feddffba13d0f380
QUEUE-05	Queue/retention	44bcb8517b5a2ab26f43d52eeeb8e0bc19ca9b08	MOCK_SOURCE_PARTIAL	WORKER_CANCEL_GUARD_TEST_PASS	SOURCE+MOCK_BEHAVIOR	f18b4874b875ca713dd007c7feddffba13d0f380
QUEUE-06	Queue/retention	44bcb8517b5a2ab26f43d52eeeb8e0bc19ca9b08	TSA_AUTHORITY_BRIDGE_UNKNOWN	NO_FAKE_CLOCK	SOURCE_OR_METADATA	f18b4874b875ca713dd007c7feddffba13d0f380
UI-01	UI/UX	44bcb8517b5a2ab26f43d52eeeb8e0bc19ca9b08	NOT_REASSESSED	NONE	NONE	f18b4874b875ca713dd007c7feddffba13d0f380
UI-02	UI/UX	44bcb8517b5a2ab26f43d52eeeb8e0bc19ca9b08	NOT_REASSESSED	NONE	NONE	f18b4874b875ca713dd007c7feddffba13d0f380
UI-03	UI/UX	44bcb8517b5a2ab26f43d52eeeb8e0bc19ca9b08	NOT_REASSESSED	NONE	NONE	f18b4874b875ca713dd007c7feddffba13d0f380
UI-04	UI/UX	44bcb8517b5a2ab26f43d52eeeb8e0bc19ca9b08	NOT_REASSESSED	NONE	NONE	f18b4874b875ca713dd007c7feddffba13d0f380
UI-05	UI/UX	44bcb8517b5a2ab26f43d52eeeb8e0bc19ca9b08	NOT_REASSESSED	NONE	NONE	f18b4874b875ca713dd007c7feddffba13d0f380
UI-06	UI/UX	44bcb8517b5a2ab26f43d52eeeb8e0bc19ca9b08	NOT_REASSESSED	NONE	NONE	f18b4874b875ca713dd007c7feddffba13d0f380
UI-07	UI/UX	44bcb8517b5a2ab26f43d52eeeb8e0bc19ca9b08	NOT_REASSESSED	NONE	NONE	f18b4874b875ca713dd007c7feddffba13d0f380
GATE-01	Test/deploy	44bcb8517b5a2ab26f43d52eeeb8e0bc19ca9b08	WORKFLOW_READ	UBUNTU_LATEST	SOURCE_OR_METADATA	f18b4874b875ca713dd007c7feddffba13d0f380
GATE-02	Test/deploy	44bcb8517b5a2ab26f43d52eeeb8e0bc19ca9b08	TEST_INVENTORY_PARTIAL	VITEST_TEST_TREE	SOURCE_OR_METADATA	f18b4874b875ca713dd007c7feddffba13d0f380
GATE-03	Test/deploy	44bcb8517b5a2ab26f43d52eeeb8e0bc19ca9b08	CI_CURRENT_HEAD_FAILURE	37741650349_PRE_STEP	SOURCE_OR_METADATA	f18b4874b875ca713dd007c7feddffba13d0f380
GATE-04	Test/deploy	44bcb8517b5a2ab26f43d52eeeb8e0bc19ca9b08	CI_CURRENT_HEAD_FAILURE	37741650343_PRE_STEP	SOURCE_OR_METADATA	f18b4874b875ca713dd007c7feddffba13d0f380
GATE-05	Test/deploy	44bcb8517b5a2ab26f43d52eeeb8e0bc19ca9b08	CI_CURRENT_HEAD_FAILURE	37741650376_PRE_STEP	SOURCE_OR_METADATA	f18b4874b875ca713dd007c7feddffba13d0f380
GATE-06	Test/deploy	44bcb8517b5a2ab26f43d52eeeb8e0bc19ca9b08	DOC_E_RELEASE_BLOCKED	SIGNOFFS_UNVERIFIED	SOURCE_OR_METADATA	f18b4874b875ca713dd007c7feddffba13d0f380
SCOPE-01	Scope fence	44bcb8517b5a2ab26f43d52eeeb8e0bc19ca9b08	NOT_REASSESSED	NONE	NONE	f18b4874b875ca713dd007c7feddffba13d0f380
SCOPE-02	Scope fence	44bcb8517b5a2ab26f43d52eeeb8e0bc19ca9b08	NOT_REASSESSED	NONE	NONE	f18b4874b875ca713dd007c7feddffba13d0f380
SCOPE-03	Scope fence	44bcb8517b5a2ab26f43d52eeeb8e0bc19ca9b08	NOT_REASSESSED	NONE	NONE	f18b4874b875ca713dd007c7feddffba13d0f380
SCOPE-04	Scope fence	44bcb8517b5a2ab26f43d52eeeb8e0bc19ca9b08	NOT_REASSESSED	NONE	NONE	f18b4874b875ca713dd007c7feddffba13d0f380
EXP-01	Experimental systems	44bcb8517b5a2ab26f43d52eeeb8e0bc19ca9b08	NOT_REASSESSED	NONE	NONE	f18b4874b875ca713dd007c7feddffba13d0f380
EXP-02	Experimental systems	44bcb8517b5a2ab26f43d52eeeb8e0bc19ca9b08	NOT_REASSESSED	NONE	NONE	f18b4874b875ca713dd007c7feddffba13d0f380
EXP-03	Experimental systems	44bcb8517b5a2ab26f43d52eeeb8e0bc19ca9b08	NOT_REASSESSED	NONE	NONE	f18b4874b875ca713dd007c7feddffba13d0f380
EXP-04	Experimental systems	44bcb8517b5a2ab26f43d52eeeb8e0bc19ca9b08	NOT_REASSESSED	NONE	NONE	f18b4874b875ca713dd007c7feddffba13d0f380
EXP-05	Experimental systems	44bcb8517b5a2ab26f43d52eeeb8e0bc19ca9b08	ISOLATION_FALLBACK_RISK	CAGE_DIRECT_SPAWN_WITHOUT_BWRAP	SOURCE_OR_METADATA	f18b4874b875ca713dd007c7feddffba13d0f380
EXP-06	Experimental systems	44bcb8517b5a2ab26f43d52eeeb8e0bc19ca9b08	NOT_REASSESSED	NONE	NONE	f18b4874b875ca713dd007c7feddffba13d0f380
EVID-01	Evidence hygiene	44bcb8517b5a2ab26f43d52eeeb8e0bc19ca9b08	NOT_REASSESSED	NONE	NONE	f18b4874b875ca713dd007c7feddffba13d0f380
EVID-02	Evidence hygiene	44bcb8517b5a2ab26f43d52eeeb8e0bc19ca9b08	NOT_REASSESSED	NONE	NONE	f18b4874b875ca713dd007c7feddffba13d0f380
EVID-03	Evidence hygiene	44bcb8517b5a2ab26f43d52eeeb8e0bc19ca9b08	NOT_REASSESSED	NONE	NONE	f18b4874b875ca713dd007c7feddffba13d0f380
EVID-04	Evidence hygiene	44bcb8517b5a2ab26f43d52eeeb8e0bc19ca9b08	NOT_REASSESSED	NONE	NONE	f18b4874b875ca713dd007c7feddffba13d0f380
