ID	SYSTEM	PRODUCT_HEAD	EXECUTION_008_STATUS	PROOF_DEPTH	CURRENT_EVIDENCE	HISTORICAL_STATUS_OLD_HEAD	HISTORICAL_SOURCE_REFERENCE
AUTH-01	Authority	44bcb8517b5a2ab26f43d52eeeb8e0bc19ca9b08	SPEC_HASH_VERIFIED	SOURCE_AND_LOCAL_TEST_OR_INFRA	Actual local canonical DOCX SHA256 b35ee1bf8212579251f24914e11aebe103ff697f549f7a5812f07c53361d26b7; P9844 DOC-C build, P9845 DOC-E deploy.	SPEC_SOURCE_ACCESS_BLOCKED	DOCX SHA-256
AUTH-02	Authority	44bcb8517b5a2ab26f43d52eeeb8e0bc19ca9b08	DOC_C_AUTHORITY_SOURCE_PARTIAL	SOURCE_AND_LOCAL_TEST_OR_INFRA	Canonical paragraphs and queue defaults inspected; full DOC-C normative mapping not completed.	SPEC_SOURCE_ACCESS_BLOCKED	DOC-C §§0-20
AUTH-03	Authority	44bcb8517b5a2ab26f43d52eeeb8e0bc19ca9b08	NOT_REASSESSED_008	NONE_008	No current-head normative reassessment in this turn; historical row is provenance only.	SPEC_SOURCE_ACCESS_BLOCKED	DOCX early auth vs DOC-C §2.3/§8
AUTH-04	Authority	44bcb8517b5a2ab26f43d52eeeb8e0bc19ca9b08	BRANCH_HEAD_SOURCE_VERIFIED	SOURCE_AND_LOCAL_TEST_OR_INFRA	NEXY.ai live HEAD 44bcb851... re-read. No product mutation.	CURRENT_VERIFIED	NEXY.AI- AGENTS.md + frozen refs
CON-01	Contracts	44bcb8517b5a2ab26f43d52eeeb8e0bc19ca9b08	NOT_REASSESSED_008	NONE_008	No current-head normative reassessment in this turn; historical row is provenance only.	CURRENT_NOT_VERIFIED	packages/contracts/state.ts
CON-02	Contracts	44bcb8517b5a2ab26f43d52eeeb8e0bc19ca9b08	NOT_REASSESSED_008	NONE_008	No current-head normative reassessment in this turn; historical row is provenance only.	CURRENT_NOT_VERIFIED	packages/contracts/envelope.ts
CON-03	Contracts	44bcb8517b5a2ab26f43d52eeeb8e0bc19ca9b08	NOT_REASSESSED_008	NONE_008	No current-head normative reassessment in this turn; historical row is provenance only.	CURRENT_NOT_VERIFIED	packages/contracts/directive.ts
CON-04	Contracts	44bcb8517b5a2ab26f43d52eeeb8e0bc19ca9b08	NOT_REASSESSED_008	NONE_008	No current-head normative reassessment in this turn; historical row is provenance only.	CURRENT_NOT_VERIFIED	packages/contracts/consensus.ts
CON-05	Contracts	44bcb8517b5a2ab26f43d52eeeb8e0bc19ca9b08	NOT_REASSESSED_008	NONE_008	No current-head normative reassessment in this turn; historical row is provenance only.	CURRENT_NOT_VERIFIED	packages/contracts/release-policy.ts
CON-06	Contracts	44bcb8517b5a2ab26f43d52eeeb8e0bc19ca9b08	NOT_REASSESSED_008	NONE_008	No current-head normative reassessment in this turn; historical row is provenance only.	CURRENT_NOT_VERIFIED	packages/contracts/errors.ts + incidents.ts
CFG-01	Configuration	44bcb8517b5a2ab26f43d52eeeb8e0bc19ca9b08	NOT_REASSESSED_008	NONE_008	No current-head normative reassessment in this turn; historical row is provenance only.	CURRENT_VERIFIED	packages/api/vnext-config.ts
CFG-02	Configuration	44bcb8517b5a2ab26f43d52eeeb8e0bc19ca9b08	NOT_REASSESSED_008	NONE_008	No current-head normative reassessment in this turn; historical row is provenance only.	CURRENT_PARTIAL	packages/api/vnext-config.ts
CFG-03	Configuration	44bcb8517b5a2ab26f43d52eeeb8e0bc19ca9b08	NOT_REASSESSED_008	NONE_008	No current-head normative reassessment in this turn; historical row is provenance only.	CURRENT_VERIFIED	packages/api/vnext-config.ts
CFG-04	Configuration	44bcb8517b5a2ab26f43d52eeeb8e0bc19ca9b08	NOT_REASSESSED_008	NONE_008	No current-head normative reassessment in this turn; historical row is provenance only.	CURRENT_PARTIAL	CI run 37222997743 + exact-head runs
VAL-01	Validation	44bcb8517b5a2ab26f43d52eeeb8e0bc19ca9b08	NOT_REASSESSED_008	NONE_008	No current-head normative reassessment in this turn; historical row is provenance only.	CURRENT_NOT_VERIFIED	packages/contracts + packages/validation
VAL-02	Validation	44bcb8517b5a2ab26f43d52eeeb8e0bc19ca9b08	NOT_REASSESSED_008	NONE_008	No current-head normative reassessment in this turn; historical row is provenance only.	CURRENT_NOT_VERIFIED	packages/api handlers
VAL-03	Validation	44bcb8517b5a2ab26f43d52eeeb8e0bc19ca9b08	NOT_REASSESSED_008	NONE_008	No current-head normative reassessment in this turn; historical row is provenance only.	CURRENT_NOT_VERIFIED	packages/queue/payload.ts + workers.ts
VAL-04	Validation	44bcb8517b5a2ab26f43d52eeeb8e0bc19ca9b08	NOT_REASSESSED_008	NONE_008	No current-head normative reassessment in this turn; historical row is provenance only.	CURRENT_VERIFIED	CI run 37222997743
ARCH-01	Architecture	44bcb8517b5a2ab26f43d52eeeb8e0bc19ca9b08	NOT_REASSESSED_008	NONE_008	No current-head normative reassessment in this turn; historical row is provenance only.	CURRENT_NOT_VERIFIED	packages/* module layout
ARCH-02	Architecture	44bcb8517b5a2ab26f43d52eeeb8e0bc19ca9b08	NOT_REASSESSED_008	NONE_008	No current-head normative reassessment in this turn; historical row is provenance only.	CURRENT_VERIFIED	package.json + scripts/check-module-boundaries.ts
ARCH-03	Architecture	44bcb8517b5a2ab26f43d52eeeb8e0bc19ca9b08	NOT_REASSESSED_008	NONE_008	No current-head normative reassessment in this turn; historical row is provenance only.	CURRENT_VERIFIED	CI run 37222997743
ARCH-04	Architecture	44bcb8517b5a2ab26f43d52eeeb8e0bc19ca9b08	NOT_REASSESSED_008	NONE_008	No current-head normative reassessment in this turn; historical row is provenance only.	CURRENT_VERIFIED	tsconfig.json + packages-experimental inventory
FSM-01	State machine	44bcb8517b5a2ab26f43d52eeeb8e0bc19ca9b08	NOT_REASSESSED_008	NONE_008	No current-head normative reassessment in this turn; historical row is provenance only.	CURRENT_NOT_VERIFIED	packages/contracts/state.ts
FSM-02	State machine	44bcb8517b5a2ab26f43d52eeeb8e0bc19ca9b08	NOT_REASSESSED_008	NONE_008	No current-head normative reassessment in this turn; historical row is provenance only.	CURRENT_NOT_VERIFIED	packages/core/vnext-state-matrix.ts
FSM-03	State machine	44bcb8517b5a2ab26f43d52eeeb8e0bc19ca9b08	NOT_REASSESSED_008	NONE_008	No current-head normative reassessment in this turn; historical row is provenance only.	CURRENT_NOT_VERIFIED	packages/core/vnext-state-matrix.ts
FSM-04	State machine	44bcb8517b5a2ab26f43d52eeeb8e0bc19ca9b08	NOT_REASSESSED_008	NONE_008	No current-head normative reassessment in this turn; historical row is provenance only.	CURRENT_NOT_VERIFIED	packages/core/vnext-state-matrix.ts + packages/law/freeze.ts
FSM-05	State machine	44bcb8517b5a2ab26f43d52eeeb8e0bc19ca9b08	NOT_REASSESSED_008	NONE_008	No current-head normative reassessment in this turn; historical row is provenance only.	CURRENT_VERIFIED	CI run 37222997743
PIPE-01	Multi-AI pipeline	44bcb8517b5a2ab26f43d52eeeb8e0bc19ca9b08	NOT_REASSESSED_008	NONE_008	No current-head normative reassessment in this turn; historical row is provenance only.	CURRENT_NOT_VERIFIED	packages/queue/workers.ts
PIPE-02	Multi-AI pipeline	44bcb8517b5a2ab26f43d52eeeb8e0bc19ca9b08	NOT_REASSESSED_008	NONE_008	No current-head normative reassessment in this turn; historical row is provenance only.	CURRENT_NOT_VERIFIED	packages/judge/consensus.ts + scoring.ts
PIPE-03	Multi-AI pipeline	44bcb8517b5a2ab26f43d52eeeb8e0bc19ca9b08	NOT_REASSESSED_008	NONE_008	No current-head normative reassessment in this turn; historical row is provenance only.	CURRENT_NOT_VERIFIED	packages/law/prerelease.ts
PIPE-04	Multi-AI pipeline	44bcb8517b5a2ab26f43d52eeeb8e0bc19ca9b08	NOT_REASSESSED_008	NONE_008	No current-head normative reassessment in this turn; historical row is provenance only.	CURRENT_NOT_VERIFIED	packages/queue/workers.ts
PIPE-05	Multi-AI pipeline	44bcb8517b5a2ab26f43d52eeeb8e0bc19ca9b08	NOT_REASSESSED_008	NONE_008	No current-head normative reassessment in this turn; historical row is provenance only.	CURRENT_NOT_VERIFIED	packages/queue/dispatch.ts
PIPE-06	Multi-AI pipeline	44bcb8517b5a2ab26f43d52eeeb8e0bc19ca9b08	NOT_REASSESSED_008	NONE_008	No current-head normative reassessment in this turn; historical row is provenance only.	CURRENT_NOT_VERIFIED	packages/queue/workers.ts + API release commit path
PIPE-07	Multi-AI pipeline	44bcb8517b5a2ab26f43d52eeeb8e0bc19ca9b08	NOT_REASSESSED_008	NONE_008	No current-head normative reassessment in this turn; historical row is provenance only.	INFRA_BLOCKED	CI run 37222997743 + run 37222997798
API-01	API	44bcb8517b5a2ab26f43d52eeeb8e0bc19ca9b08	NOT_REASSESSED_008	NONE_008	No current-head normative reassessment in this turn; historical row is provenance only.	CURRENT_NOT_VERIFIED	apps/web/app/api/auth/request-otac/route.ts + packages/api/auth.ts
API-02	API	44bcb8517b5a2ab26f43d52eeeb8e0bc19ca9b08	NOT_REASSESSED_008	NONE_008	No current-head normative reassessment in this turn; historical row is provenance only.	CURRENT_NOT_VERIFIED	apps/web/app/api/auth/verify-otac/route.ts + packages/api/auth.ts
API-03	API	44bcb8517b5a2ab26f43d52eeeb8e0bc19ca9b08	NOT_REASSESSED_008	NONE_008	No current-head normative reassessment in this turn; historical row is provenance only.	CURRENT_NOT_VERIFIED	apps/web/app/api/session/me/route.ts + auth handlers
API-04	API	44bcb8517b5a2ab26f43d52eeeb8e0bc19ca9b08	NOT_REASSESSED_008	NONE_008	No current-head normative reassessment in this turn; historical row is provenance only.	CURRENT_NOT_VERIFIED	apps/web/app/api/auth/logout/route.ts + packages/api/auth.ts
API-05	API	44bcb8517b5a2ab26f43d52eeeb8e0bc19ca9b08	NOT_REASSESSED_008	NONE_008	No current-head normative reassessment in this turn; historical row is provenance only.	CURRENT_NOT_VERIFIED	apps/web/app/api/directives/route.ts and [id] routes
API-06	API	44bcb8517b5a2ab26f43d52eeeb8e0bc19ca9b08	NOT_REASSESSED_008	NONE_008	No current-head normative reassessment in this turn; historical row is provenance only.	CURRENT_NOT_VERIFIED	apps/web/app/api/runs + freeze/recover routes
API-07	API	44bcb8517b5a2ab26f43d52eeeb8e0bc19ca9b08	NOT_REASSESSED_008	NONE_008	No current-head normative reassessment in this turn; historical row is provenance only.	CURRENT_NOT_VERIFIED	apps/web/app/api/artifacts + audit/incidents routes
API-08	API	44bcb8517b5a2ab26f43d52eeeb8e0bc19ca9b08	NOT_REASSESSED_008	NONE_008	No current-head normative reassessment in this turn; historical row is provenance only.	CURRENT_PARTIAL	CI run 37222997743
AUTH-05	Authentication	44bcb8517b5a2ab26f43d52eeeb8e0bc19ca9b08	NOT_REASSESSED_008	NONE_008	No current-head normative reassessment in this turn; historical row is provenance only.	CURRENT_NOT_VERIFIED	packages/auth/otac.ts + packages/contracts/auth.ts
AUTH-06	Authentication	44bcb8517b5a2ab26f43d52eeeb8e0bc19ca9b08	NOT_REASSESSED_008	NONE_008	No current-head normative reassessment in this turn; historical row is provenance only.	CURRENT_NOT_VERIFIED	packages/api/vnext-config.ts + packages/api/middleware/rate-limit.ts
AUTH-07	Authentication	44bcb8517b5a2ab26f43d52eeeb8e0bc19ca9b08	NOT_REASSESSED_008	NONE_008	No current-head normative reassessment in this turn; historical row is provenance only.	CURRENT_NOT_VERIFIED	packages/auth/session.ts + csrf.ts
AUTH-08	Authentication	44bcb8517b5a2ab26f43d52eeeb8e0bc19ca9b08	NOT_REASSESSED_008	NONE_008	No current-head normative reassessment in this turn; historical row is provenance only.	CURRENT_NOT_VERIFIED	packages/auth/device-binding.ts + security-incident.ts
AUTH-09	Authentication	44bcb8517b5a2ab26f43d52eeeb8e0bc19ca9b08	NOT_REASSESSED_008	NONE_008	No current-head normative reassessment in this turn; historical row is provenance only.	CURRENT_NOT_VERIFIED	packages/auth/email.ts
AUTH-10	Authentication	44bcb8517b5a2ab26f43d52eeeb8e0bc19ca9b08	NOT_REASSESSED_008	NONE_008	No current-head normative reassessment in this turn; historical row is provenance only.	CURRENT_VERIFIED	CI run 37222997743
AUTH-11	Authentication	44bcb8517b5a2ab26f43d52eeeb8e0bc19ca9b08	NOT_REASSESSED_008	NONE_008	No current-head normative reassessment in this turn; historical row is provenance only.	CURRENT_MISMATCH	current-head-attestation.json vs frozen HEAD
STORE-01	Storage	44bcb8517b5a2ab26f43d52eeeb8e0bc19ca9b08	NOT_REASSESSED_008	NONE_008	No current-head normative reassessment in this turn; historical row is provenance only.	CURRENT_NOT_VERIFIED	packages/storage/query-patterns.ts
STORE-02	Storage	44bcb8517b5a2ab26f43d52eeeb8e0bc19ca9b08	NOT_REASSESSED_008	NONE_008	No current-head normative reassessment in this turn; historical row is provenance only.	CURRENT_NOT_VERIFIED	packages/api/storage-control.ts + soft-delete.ts
STORE-03	Storage	44bcb8517b5a2ab26f43d52eeeb8e0bc19ca9b08	NOT_REASSESSED_008	NONE_008	No current-head normative reassessment in this turn; historical row is provenance only.	CURRENT_NOT_VERIFIED	packages/api/canonical.ts + cold-snapshot.ts
STORE-04	Storage	44bcb8517b5a2ab26f43d52eeeb8e0bc19ca9b08	NOT_REASSESSED_008	NONE_008	No current-head normative reassessment in this turn; historical row is provenance only.	CURRENT_NOT_VERIFIED	packages/core/ulid.ts + API contracts
STORE-05	Storage	44bcb8517b5a2ab26f43d52eeeb8e0bc19ca9b08	NOT_REASSESSED_008	NONE_008	No current-head normative reassessment in this turn; historical row is provenance only.	CURRENT_NOT_VERIFIED	packages/api + packages/obs
STORE-06	Storage	44bcb8517b5a2ab26f43d52eeeb8e0bc19ca9b08	NOT_REASSESSED_008	NONE_008	No current-head normative reassessment in this turn; historical row is provenance only.	CURRENT_PARTIAL	CI run 37222997743 + cargo run 37222997736
STORE-07	Storage	44bcb8517b5a2ab26f43d52eeeb8e0bc19ca9b08	NOT_REASSESSED_008	NONE_008	No current-head normative reassessment in this turn; historical row is provenance only.	CURRENT_PARTIAL	No current runtime DB evidence
RBAC-01	RBAC	44bcb8517b5a2ab26f43d52eeeb8e0bc19ca9b08	NOT_REASSESSED_008	NONE_008	No current-head normative reassessment in this turn; historical row is provenance only.	CURRENT_NOT_VERIFIED	packages/contracts/envelope.ts + API owner handlers
RBAC-02	RBAC	44bcb8517b5a2ab26f43d52eeeb8e0bc19ca9b08	NOT_REASSESSED_008	NONE_008	No current-head normative reassessment in this turn; historical row is provenance only.	CURRENT_NOT_VERIFIED	packages/api/owner-*.ts + auth.ts
RBAC-03	RBAC	44bcb8517b5a2ab26f43d52eeeb8e0bc19ca9b08	NOT_REASSESSED_008	NONE_008	No current-head normative reassessment in this turn; historical row is provenance only.	CURRENT_NOT_VERIFIED	apps/web components/pages
RBAC-04	RBAC	44bcb8517b5a2ab26f43d52eeeb8e0bc19ca9b08	NOT_REASSESSED_008	NONE_008	No current-head normative reassessment in this turn; historical row is provenance only.	CURRENT_VERIFIED	CI run 37222997743
OBS-01	Observability	44bcb8517b5a2ab26f43d52eeeb8e0bc19ca9b08	NOT_REASSESSED_008	NONE_008	No current-head normative reassessment in this turn; historical row is provenance only.	CURRENT_NOT_VERIFIED	packages/obs + packages/api
OBS-02	Observability	44bcb8517b5a2ab26f43d52eeeb8e0bc19ca9b08	NOT_REASSESSED_008	NONE_008	No current-head normative reassessment in this turn; historical row is provenance only.	CURRENT_NOT_VERIFIED	packages/contracts/incidents.ts + API paths
OBS-03	Observability	44bcb8517b5a2ab26f43d52eeeb8e0bc19ca9b08	NOT_REASSESSED_008	NONE_008	No current-head normative reassessment in this turn; historical row is provenance only.	CURRENT_NOT_VERIFIED	packages/obs/alarms.ts + queue/api callers
OBS-04	Observability	44bcb8517b5a2ab26f43d52eeeb8e0bc19ca9b08	NOT_REASSESSED_008	NONE_008	No current-head normative reassessment in this turn; historical row is provenance only.	CURRENT_NOT_VERIFIED	packages/api envelopes
OBS-05	Observability	44bcb8517b5a2ab26f43d52eeeb8e0bc19ca9b08	NOT_REASSESSED_008	NONE_008	No current-head normative reassessment in this turn; historical row is provenance only.	CURRENT_PARTIAL	CI run 37222997743 + release gates skipped
QUEUE-01	Queue/retention	44bcb8517b5a2ab26f43d52eeeb8e0bc19ca9b08	SOURCE_ONLY	SOURCE_AND_LOCAL_TEST_OR_INFRA	jobs.ts e90ac64acc446c5bbd24a710e0208fc76bce9089; workers.ts 3134e7b6bf83f7200959e3e267b28f5ea28b6392. Real BullMQ untested.	CURRENT_NOT_VERIFIED	packages/queue/jobs.ts + workers.ts
QUEUE-02	Queue/retention	44bcb8517b5a2ab26f43d52eeeb8e0bc19ca9b08	RED_GREEN_MOCK_INTEGRATION_CANDIDATE_ONLY	SOURCE_AND_LOCAL_TEST_OR_INFRA	dispatch.ts original Git blob 002eef253ce836e2cd0e200f5d15cb5042cdeb29; local candidate 36e56aef98a5b8b52f644a0178eb3638d2c4b9af; RED 5 fail/4 pass; GREEN 9 pass; PG/Redis NOT_RUN.	CURRENT_NOT_VERIFIED	packages/queue/dispatch.ts
QUEUE-03	Queue/retention	44bcb8517b5a2ab26f43d52eeeb8e0bc19ca9b08	SOURCE_PLUS_TEST_PARTIAL	SOURCE_AND_LOCAL_TEST_OR_INFRA	retry-policy.ts 3888169fc88784c999c31ff0f19ad673ba0e0f11; tested allowlist/maxAttempts with real exports using boundary mocks; 17/17 targeted pass.	CURRENT_NOT_VERIFIED	packages/queue/dispatch.ts + retry-policy.ts
QUEUE-04	Queue/retention	44bcb8517b5a2ab26f43d52eeeb8e0bc19ca9b08	SOURCE_PARTIAL	SOURCE_AND_LOCAL_TEST_OR_INFRA	DOC-C stale_job_ttl_ms=900000, concurrency=10; producer/worker source observed; live ttl receipt NOT_RUN.	CURRENT_NOT_VERIFIED	packages/api/vnext-config.ts
QUEUE-05	Queue/retention	44bcb8517b5a2ab26f43d52eeeb8e0bc19ca9b08	SOURCE_PLUS_MOCK_TEST_PARTIAL	SOURCE_AND_LOCAL_TEST_OR_INFRA	claimDirectiveDispatch actual export tested, worker boundary existing tests passed; untrusted provider execution non-release under Redis/Postgres not demonstrated.	CURRENT_NOT_VERIFIED	packages/queue/jobs.ts + workers.ts
QUEUE-06	Queue/retention	44bcb8517b5a2ab26f43d52eeeb8e0bc19ca9b08	TSA_AUTHORITY_UNRESOLVED	SOURCE_AND_LOCAL_TEST_OR_INFRA	No synthetic TSA; no production injection proof; no TTL authority refactor.	INFRA_BLOCKED	CI run 37222997743 + run 37222997784
UI-01	UI/UX	44bcb8517b5a2ab26f43d52eeeb8e0bc19ca9b08	NOT_REASSESSED_008	NONE_008	No current-head normative reassessment in this turn; historical row is provenance only.	CURRENT_NOT_VERIFIED	apps/web/app/login + components/OtacLoginForm.tsx
UI-02	UI/UX	44bcb8517b5a2ab26f43d52eeeb8e0bc19ca9b08	NOT_REASSESSED_008	NONE_008	No current-head normative reassessment in this turn; historical row is provenance only.	CURRENT_NOT_VERIFIED	apps/web/app/page.tsx + dialog/page.tsx
UI-03	UI/UX	44bcb8517b5a2ab26f43d52eeeb8e0bc19ca9b08	NOT_REASSESSED_008	NONE_008	No current-head normative reassessment in this turn; historical row is provenance only.	CURRENT_NOT_VERIFIED	apps/web/app/directives + components
UI-04	UI/UX	44bcb8517b5a2ab26f43d52eeeb8e0bc19ca9b08	NOT_REASSESSED_008	NONE_008	No current-head normative reassessment in this turn; historical row is provenance only.	CURRENT_NOT_VERIFIED	apps/web/components/FreezeBanner.tsx + status page
UI-05	UI/UX	44bcb8517b5a2ab26f43d52eeeb8e0bc19ca9b08	NOT_REASSESSED_008	NONE_008	No current-head normative reassessment in this turn; historical row is provenance only.	CURRENT_NOT_VERIFIED	apps/web/app/runs, vault, audit, incidents
UI-06	UI/UX	44bcb8517b5a2ab26f43d52eeeb8e0bc19ca9b08	NOT_REASSESSED_008	NONE_008	No current-head normative reassessment in this turn; historical row is provenance only.	CURRENT_PARTIAL	CI run 37222997743
UI-07	UI/UX	44bcb8517b5a2ab26f43d52eeeb8e0bc19ca9b08	NOT_REASSESSED_008	NONE_008	No current-head normative reassessment in this turn; historical row is provenance only.	CURRENT_PARTIAL	No exact-head visual/E2E proof
GATE-01	Test/deploy	44bcb8517b5a2ab26f43d52eeeb8e0bc19ca9b08	SOURCE_PLUS_LOCAL_RUNNER	SOURCE_AND_LOCAL_TEST_OR_INFRA	package.json Vitest script plus GitHub workflows; local npm ci/Prisma generate/typecheck executed successfully.	CURRENT_VERIFIED	package.json + .github/workflows
GATE-02	Test/deploy	44bcb8517b5a2ab26f43d52eeeb8e0bc19ca9b08	NOT_REASSESSED_008	NONE_008	No current-head normative reassessment in this turn; historical row is provenance only.	CURRENT_VERIFIED	tests/ tree + evidence inventory
GATE-03	Test/deploy	44bcb8517b5a2ab26f43d52eeeb8e0bc19ca9b08	CURRENT_HEAD_CI_FAILURE	SOURCE_AND_LOCAL_TEST_OR_INFRA	workflow run 37741650349 failure at product 44bcb851, job steps empty; logs BlobNotFound.	INFRA_BLOCKED	GitHub check-runs for frozen SHA
GATE-04	Test/deploy	44bcb8517b5a2ab26f43d52eeeb8e0bc19ca9b08	CURRENT_HEAD_CI_FAILURE	SOURCE_AND_LOCAL_TEST_OR_INFRA	workflow run 37741650343 failure at product 44bcb851; job steps empty for inspected jobs.	INFRA_BLOCKED	GitHub check-runs
GATE-05	Test/deploy	44bcb8517b5a2ab26f43d52eeeb8e0bc19ca9b08	CURRENT_HEAD_CI_FAILURE	SOURCE_AND_LOCAL_TEST_OR_INFRA	workflow run 37741650376 failure at product 44bcb851, E7 Redis job pre-step; root cause unknown.	INFRA_BLOCKED	GitHub check-runs/statuses
GATE-06	Test/deploy	44bcb8517b5a2ab26f43d52eeeb8e0bc19ca9b08	DOC_E_RELEASE_BLOCKED	SOURCE_AND_LOCAL_TEST_OR_INFRA	No signoffs, rollback drill, production CI attestation.	CURRENT_NOT_VERIFIED	No exact-head signoff artifact
SCOPE-01	Scope fence	44bcb8517b5a2ab26f43d52eeeb8e0bc19ca9b08	NOT_REASSESSED_008	NONE_008	No current-head normative reassessment in this turn; historical row is provenance only.	SPEC_SOURCE_ACCESS_BLOCKED	DOCX DOC-C §17 + repo inventory
SCOPE-02	Scope fence	44bcb8517b5a2ab26f43d52eeeb8e0bc19ca9b08	NOT_REASSESSED_008	NONE_008	No current-head normative reassessment in this turn; historical row is provenance only.	CURRENT_VERIFIED	tsconfig.json + packages-experimental
SCOPE-03	Scope fence	44bcb8517b5a2ab26f43d52eeeb8e0bc19ca9b08	NOT_REASSESSED_008	NONE_008	No current-head normative reassessment in this turn; historical row is provenance only.	CURRENT_NOT_VERIFIED	apps/web API auth paths
SCOPE-04	Scope fence	44bcb8517b5a2ab26f43d52eeeb8e0bc19ca9b08	NOT_REASSESSED_008	NONE_008	No current-head normative reassessment in this turn; historical row is provenance only.	CURRENT_VERIFIED	CI run 37222997743
EXP-01	Experimental systems	44bcb8517b5a2ab26f43d52eeeb8e0bc19ca9b08	NOT_REASSESSED_008	NONE_008	No current-head normative reassessment in this turn; historical row is provenance only.	CURRENT_NOT_VERIFIED	packages/phase-f/l1o and lo3 inventory
EXP-02	Experimental systems	44bcb8517b5a2ab26f43d52eeeb8e0bc19ca9b08	NOT_REASSESSED_008	NONE_008	No current-head normative reassessment in this turn; historical row is provenance only.	CURRENT_NOT_VERIFIED	packages/phase-f/game inventory
EXP-03	Experimental systems	44bcb8517b5a2ab26f43d52eeeb8e0bc19ca9b08	NOT_REASSESSED_008	NONE_008	No current-head normative reassessment in this turn; historical row is provenance only.	CURRENT_NOT_VERIFIED	packages/phase-f/resilience + universe inventory
EXP-04	Experimental systems	44bcb8517b5a2ab26f43d52eeeb8e0bc19ca9b08	NOT_REASSESSED_008	NONE_008	No current-head normative reassessment in this turn; historical row is provenance only.	CURRENT_NOT_VERIFIED	packages-experimental/robotics inventory
EXP-05	Experimental systems	44bcb8517b5a2ab26f43d52eeeb8e0bc19ca9b08	CAGE_SOURCE_RISK_UNTESTED	SOURCE_AND_LOCAL_TEST_OR_INFRA	cage.ts blob 5afd464ed39470381ef1df643a630e1f431817dc; bwrap false->direct spawn, seccomp JSON no proven enforcement; Linux runtime NOT_RUN.	CURRENT_PARTIAL	GitHub run 37222997784
EXP-06	Experimental systems	44bcb8517b5a2ab26f43d52eeeb8e0bc19ca9b08	NOT_REASSESSED_008	NONE_008	No current-head normative reassessment in this turn; historical row is provenance only.	CURRENT_NOT_VERIFIED	No deployment/signoff proof
EVID-01	Evidence hygiene	44bcb8517b5a2ab26f43d52eeeb8e0bc19ca9b08	NOT_REASSESSED_008	NONE_008	No current-head normative reassessment in this turn; historical row is provenance only.	CURRENT_MISMATCH	current-head-attestation.json
EVID-02	Evidence hygiene	44bcb8517b5a2ab26f43d52eeeb8e0bc19ca9b08	NOT_REASSESSED_008	NONE_008	No current-head normative reassessment in this turn; historical row is provenance only.	CURRENT_MISMATCH	E01-E12 source hashes vs frozen HEAD
EVID-03	Evidence hygiene	44bcb8517b5a2ab26f43d52eeeb8e0bc19ca9b08	NOT_REASSESSED_008	NONE_008	No current-head normative reassessment in this turn; historical row is provenance only.	CURRENT_MISMATCH	E07/E12 validation claims
EVID-04	Evidence hygiene	44bcb8517b5a2ab26f43d52eeeb8e0bc19ca9b08	RELEASE_PROOF_NOT_VERIFIED	SOURCE_AND_LOCAL_TEST_OR_INFRA	DOC-E requires independent approvals and rollback; no release certification.	CURRENT_NOT_VERIFIED	DOC-E §§9.2-9.5
