id	register_locator	corrected_original_DOCX_locator	atomic_expectation	locator_proof_type	acceptance_state
Defaults/confidence_min	P9913	P9914	confidence_min=0.85	DIRECT_DOCX_LOCATOR_REVIEWED	ACCEPTANCE_NOT_VERIFIED
Defaults/deterministic_match_min	P9914	P9915	deterministic_match_min=0.9	DIRECT_DOCX_LOCATOR_REVIEWED	ACCEPTANCE_NOT_VERIFIED
Defaults/quorum_min	P9915	P9916	quorum_min=2	DIRECT_DOCX_LOCATOR_REVIEWED	ACCEPTANCE_NOT_VERIFIED
Defaults/evidence_min	P9916	P9917	evidence_min=2	DIRECT_DOCX_LOCATOR_REVIEWED	ACCEPTANCE_NOT_VERIFIED
Defaults/decompose_timeout_ms	P9919	P9920	decompose_timeout_ms=5000	DIRECT_DOCX_LOCATOR_REVIEWED	ACCEPTANCE_NOT_VERIFIED
Defaults/agent_timeout_default_ms	P9920	P9921	agent_timeout_default_ms=30000	DIRECT_DOCX_LOCATOR_REVIEWED	ACCEPTANCE_NOT_VERIFIED
Defaults/agent_timeout_min_ms	P9921	P9922	agent_timeout_min_ms=10000	DIRECT_DOCX_LOCATOR_REVIEWED	ACCEPTANCE_NOT_VERIFIED
Defaults/agent_timeout_max_ms	P9922	P9923	agent_timeout_max_ms=60000	DIRECT_DOCX_LOCATOR_REVIEWED	ACCEPTANCE_NOT_VERIFIED
Defaults/critical_agent_timeout_ms	P9923	P9924	critical_agent_timeout_ms=30000	DIRECT_DOCX_LOCATOR_REVIEWED	ACCEPTANCE_NOT_VERIFIED
Defaults/cross_verify_timeout_ms	P9924	P9925	cross_verify_timeout_ms=15000	DIRECT_DOCX_LOCATOR_REVIEWED	ACCEPTANCE_NOT_VERIFIED
Defaults/consensus_timeout_ms	P9925	P9926	consensus_timeout_ms=10000	DIRECT_DOCX_LOCATOR_REVIEWED	ACCEPTANCE_NOT_VERIFIED
Defaults/emit_timeout_ms	P9926	P9927	emit_timeout_ms=5000	DIRECT_DOCX_LOCATOR_REVIEWED	ACCEPTANCE_NOT_VERIFIED
Defaults/pipeline_cap_ms	P9927	P9928	pipeline_cap_ms=120000	DIRECT_DOCX_LOCATOR_REVIEWED	ACCEPTANCE_NOT_VERIFIED
Defaults/otac_length	P9930	P9931	otac_length=10	DIRECT_DOCX_LOCATOR_REVIEWED	ACCEPTANCE_NOT_VERIFIED
Defaults/otac_ttl_ms	P9931	P9932	otac_ttl_ms=300000	DIRECT_DOCX_LOCATOR_REVIEWED	ACCEPTANCE_NOT_VERIFIED
Defaults/otac_max_attempts	P9932	P9933	otac_max_attempts=5	DIRECT_DOCX_LOCATOR_REVIEWED	ACCEPTANCE_NOT_VERIFIED
Defaults/otac_resend_cooldown_ms	P9933	P9934	otac_resend_cooldown_ms=60000	DIRECT_DOCX_LOCATOR_REVIEWED	ACCEPTANCE_NOT_VERIFIED
Defaults/otac_lock_window_ms	P9934	P9935	otac_lock_window_ms=900000	DIRECT_DOCX_LOCATOR_REVIEWED	ACCEPTANCE_NOT_VERIFIED
Defaults/session_ttl_ms	P9935	P9936	session_ttl_ms=21600000	DIRECT_DOCX_LOCATOR_REVIEWED	ACCEPTANCE_NOT_VERIFIED
Defaults/concurrent_sessions_per_user	P9936	P9937	concurrent_sessions_per_user=5	DIRECT_DOCX_LOCATOR_REVIEWED	ACCEPTANCE_NOT_VERIFIED
Defaults/event_log_days	P9939	P9940	event_log_days=90	DIRECT_DOCX_LOCATOR_REVIEWED	ACCEPTANCE_NOT_VERIFIED
Defaults/audit_log_days	P9940	P9941	audit_log_days=365	DIRECT_DOCX_LOCATOR_REVIEWED	ACCEPTANCE_NOT_VERIFIED
Defaults/security_incident_days	P9941	P9942	security_incident_days=365	DIRECT_DOCX_LOCATOR_REVIEWED	ACCEPTANCE_NOT_VERIFIED
Defaults/freeze_incident_days	P9942	P9943	freeze_incident_days=365	DIRECT_DOCX_LOCATOR_REVIEWED	ACCEPTANCE_NOT_VERIFIED
Defaults/stale_job_ttl_ms	P9945	P9946	stale_job_ttl_ms=900000	DIRECT_DOCX_LOCATOR_REVIEWED	ACCEPTANCE_NOT_VERIFIED
Defaults/max_concurrent_pipeline_runs	P9946	P9947	max_concurrent_pipeline_runs=10	DIRECT_DOCX_LOCATOR_REVIEWED	ACCEPTANCE_NOT_VERIFIED
Status/OK	P9951	P9953	OK	DIRECT_DOCX_LOCATOR_REVIEWED	ACCEPTANCE_NOT_VERIFIED
Status/DEGRADED	P9951	P9953	DEGRADED	DIRECT_DOCX_LOCATOR_REVIEWED	ACCEPTANCE_NOT_VERIFIED
Status/FREEZE	P9951	P9953	FREEZE	DIRECT_DOCX_LOCATOR_REVIEWED	ACCEPTANCE_NOT_VERIFIED
Status/STOP	P9951	P9953	STOP	DIRECT_DOCX_LOCATOR_REVIEWED	ACCEPTANCE_NOT_VERIFIED
States/INIT	P9954–P9962	P9956	INIT	DIRECT_DOCX_LOCATOR_REVIEWED	ACCEPTANCE_NOT_VERIFIED
States/READY	P9954–P9962	P9957	READY	DIRECT_DOCX_LOCATOR_REVIEWED	ACCEPTANCE_NOT_VERIFIED
States/RUNNING	P9954–P9962	P9958	RUNNING	DIRECT_DOCX_LOCATOR_REVIEWED	ACCEPTANCE_NOT_VERIFIED
States/VERIFYING	P9954–P9962	P9959	VERIFYING	DIRECT_DOCX_LOCATOR_REVIEWED	ACCEPTANCE_NOT_VERIFIED
States/CONSENSUS	P9954–P9962	P9960	CONSENSUS	DIRECT_DOCX_LOCATOR_REVIEWED	ACCEPTANCE_NOT_VERIFIED
States/STABLE	P9954–P9962	P9961	STABLE	DIRECT_DOCX_LOCATOR_REVIEWED	ACCEPTANCE_NOT_VERIFIED
States/FREEZE	P9954–P9962	P9962	FREEZE	DIRECT_DOCX_LOCATOR_REVIEWED	ACCEPTANCE_NOT_VERIFIED
States/STOP	P9954–P9962	P9963	STOP	DIRECT_DOCX_LOCATOR_REVIEWED	ACCEPTANCE_NOT_VERIFIED
ErrorCodes/INVALID_DIRECTIVE	P9965	P9966	INVALID_DIRECTIVE	DIRECT_DOCX_LOCATOR_REVIEWED	ACCEPTANCE_NOT_VERIFIED
ErrorCodes/EMPTY_INPUT	P9966	P9967	EMPTY_INPUT	DIRECT_DOCX_LOCATOR_REVIEWED	ACCEPTANCE_NOT_VERIFIED
ErrorCodes/AMBIGUOUS_INPUT	P9967	P9968	AMBIGUOUS_INPUT	DIRECT_DOCX_LOCATOR_REVIEWED	ACCEPTANCE_NOT_VERIFIED
ErrorCodes/UNVERIFIED_OUTPUT	P9968	P9969	UNVERIFIED_OUTPUT	DIRECT_DOCX_LOCATOR_REVIEWED	ACCEPTANCE_NOT_VERIFIED
ErrorCodes/CONSENSUS_FAILED	P9969	P9970	CONSENSUS_FAILED	DIRECT_DOCX_LOCATOR_REVIEWED	ACCEPTANCE_NOT_VERIFIED
ErrorCodes/EVIDENCE_MISSING	P9970	P9971	EVIDENCE_MISSING	DIRECT_DOCX_LOCATOR_REVIEWED	ACCEPTANCE_NOT_VERIFIED
ErrorCodes/SCHEMA_VIOLATION	P9971	P9972	SCHEMA_VIOLATION	DIRECT_DOCX_LOCATOR_REVIEWED	ACCEPTANCE_NOT_VERIFIED
ErrorCodes/STATE_TRANSITION_DENIED	P9972	P9973	STATE_TRANSITION_DENIED	DIRECT_DOCX_LOCATOR_REVIEWED	ACCEPTANCE_NOT_VERIFIED
ErrorCodes/INVALID_STATE	P9973	P9974	INVALID_STATE	DIRECT_DOCX_LOCATOR_REVIEWED	ACCEPTANCE_NOT_VERIFIED
ErrorCodes/AUTH_INVALID	P9974	P9975	AUTH_INVALID	DIRECT_DOCX_LOCATOR_REVIEWED	ACCEPTANCE_NOT_VERIFIED
ErrorCodes/AUTH_EXPIRED	P9975	P9976	AUTH_EXPIRED	DIRECT_DOCX_LOCATOR_REVIEWED	ACCEPTANCE_NOT_VERIFIED
ErrorCodes/UNAUTHORIZED	P9976	P9977	UNAUTHORIZED	DIRECT_DOCX_LOCATOR_REVIEWED	ACCEPTANCE_NOT_VERIFIED
ErrorCodes/FORBIDDEN	P9977	P9978	FORBIDDEN	DIRECT_DOCX_LOCATOR_REVIEWED	ACCEPTANCE_NOT_VERIFIED
ErrorCodes/SESSION_REVOKED	P9978	P9979	SESSION_REVOKED	DIRECT_DOCX_LOCATOR_REVIEWED	ACCEPTANCE_NOT_VERIFIED
ErrorCodes/DEVICE_MISMATCH	P9979	P9980	DEVICE_MISMATCH	DIRECT_DOCX_LOCATOR_REVIEWED	ACCEPTANCE_NOT_VERIFIED
ErrorCodes/CSRF_INVALID	P9980	P9981	CSRF_INVALID	DIRECT_DOCX_LOCATOR_REVIEWED	ACCEPTANCE_NOT_VERIFIED
ErrorCodes/OTAC_LOCKED	P9981	P9982	OTAC_LOCKED	DIRECT_DOCX_LOCATOR_REVIEWED	ACCEPTANCE_NOT_VERIFIED
ErrorCodes/RATE_LIMIT_EXCEEDED	P9982	P9983	RATE_LIMIT_EXCEEDED	DIRECT_DOCX_LOCATOR_REVIEWED	ACCEPTANCE_NOT_VERIFIED
ErrorCodes/SECURITY_BREACH_DETECTED	P9983	P9984	SECURITY_BREACH_DETECTED	DIRECT_DOCX_LOCATOR_REVIEWED	ACCEPTANCE_NOT_VERIFIED
ErrorCodes/SYSTEM_IN_FREEZE	P9984	P9985	SYSTEM_IN_FREEZE	DIRECT_DOCX_LOCATOR_REVIEWED	ACCEPTANCE_NOT_VERIFIED
ErrorCodes/DEPENDENCY_FAILURE	P9985	P9986	DEPENDENCY_FAILURE	DIRECT_DOCX_LOCATOR_REVIEWED	ACCEPTANCE_NOT_VERIFIED
ErrorCodes/DEPENDENCY_UNHEALTHY	P9986	P9987	DEPENDENCY_UNHEALTHY	DIRECT_DOCX_LOCATOR_REVIEWED	ACCEPTANCE_NOT_VERIFIED
ErrorCodes/TIMEOUT	P9987	P9988	TIMEOUT	DIRECT_DOCX_LOCATOR_REVIEWED	ACCEPTANCE_NOT_VERIFIED
ErrorCodes/AGENT_TIMEOUT	P9988	P9989	AGENT_TIMEOUT	DIRECT_DOCX_LOCATOR_REVIEWED	ACCEPTANCE_NOT_VERIFIED
ErrorCodes/AGENT_SCHEMA_INVALID	P9989	P9990	AGENT_SCHEMA_INVALID	DIRECT_DOCX_LOCATOR_REVIEWED	ACCEPTANCE_NOT_VERIFIED
ErrorCodes/FREEZE_RECOVERY_DENIED	P9990	P9991	FREEZE_RECOVERY_DENIED	DIRECT_DOCX_LOCATOR_REVIEWED	ACCEPTANCE_NOT_VERIFIED
ErrorCodes/VAULT_COMMIT_CONFLICT	P9991	P9992	VAULT_COMMIT_CONFLICT	DIRECT_DOCX_LOCATOR_REVIEWED	ACCEPTANCE_NOT_VERIFIED
ErrorCodes/REVISION_NOT_FOUND	P9992	P9993	REVISION_NOT_FOUND	DIRECT_DOCX_LOCATOR_REVIEWED	ACCEPTANCE_NOT_VERIFIED
ErrorCodes/RELEASE_POLICY_FAILED	P9993	P9994	RELEASE_POLICY_FAILED	DIRECT_DOCX_LOCATOR_REVIEWED	ACCEPTANCE_NOT_VERIFIED
FSM/1	P10374–P10445	P10375-P10380	INIT → boot → READY	DIRECT_DOCX_TABLE_ROW	ACCEPTANCE_NOT_VERIFIED
FSM/2	P10374–P10445	P10381-P10386	READY → execute → RUNNING	DIRECT_DOCX_TABLE_ROW	ACCEPTANCE_NOT_VERIFIED
FSM/3	P10374–P10445	P10387-P10392	RUNNING → agents_done → VERIFYING	DIRECT_DOCX_TABLE_ROW	ACCEPTANCE_NOT_VERIFIED
FSM/4	P10374–P10445	P10393-P10398	RUNNING → timeout → FREEZE	DIRECT_DOCX_TABLE_ROW	ACCEPTANCE_NOT_VERIFIED
FSM/5	P10374–P10445	P10399-P10404	RUNNING → error → FREEZE	DIRECT_DOCX_TABLE_ROW	ACCEPTANCE_NOT_VERIFIED
FSM/6	P10374–P10445	P10405-P10410	VERIFYING → verified → CONSENSUS	DIRECT_DOCX_TABLE_ROW	ACCEPTANCE_NOT_VERIFIED
FSM/7	P10374–P10445	P10411-P10416	VERIFYING → error → FREEZE	DIRECT_DOCX_TABLE_ROW	ACCEPTANCE_NOT_VERIFIED
FSM/8	P10374–P10445	P10417-P10422	CONSENSUS → accepted → STABLE	DIRECT_DOCX_TABLE_ROW	ACCEPTANCE_NOT_VERIFIED
FSM/9	P10374–P10445	P10423-P10428	CONSENSUS → rejected → FREEZE	DIRECT_DOCX_TABLE_ROW	ACCEPTANCE_NOT_VERIFIED
FSM/10	P10374–P10445	P10429-P10434	CONSENSUS → timeout → FREEZE	DIRECT_DOCX_TABLE_ROW	ACCEPTANCE_NOT_VERIFIED
FSM/11	P10374–P10445	P10435-P10440	FREEZE → recover → READY	DIRECT_DOCX_TABLE_ROW	ACCEPTANCE_NOT_VERIFIED
FSM/12	P10374–P10445	P10441-P10446	FREEZE → fatal → STOP	DIRECT_DOCX_TABLE_ROW	ACCEPTANCE_NOT_VERIFIED
FSM/13	P10446–P10451	P10447-P10452 (GENERAL_FATAL_ROW_EXPANDED)	INIT → fatal → STOP	DOCX_GENERAL_RULE_DERIVED_CASE	ACCEPTANCE_NOT_VERIFIED
FSM/14	P10446–P10451	P10447-P10452 (GENERAL_FATAL_ROW_EXPANDED)	READY → fatal → STOP	DOCX_GENERAL_RULE_DERIVED_CASE	ACCEPTANCE_NOT_VERIFIED
FSM/15	P10446–P10451	P10447-P10452 (GENERAL_FATAL_ROW_EXPANDED)	RUNNING → fatal → STOP	DOCX_GENERAL_RULE_DERIVED_CASE	ACCEPTANCE_NOT_VERIFIED
FSM/16	P10446–P10451	P10447-P10452 (GENERAL_FATAL_ROW_EXPANDED)	VERIFYING → fatal → STOP	DOCX_GENERAL_RULE_DERIVED_CASE	ACCEPTANCE_NOT_VERIFIED
FSM/17	P10446–P10451	P10447-P10452 (GENERAL_FATAL_ROW_EXPANDED)	CONSENSUS → fatal → STOP	DOCX_GENERAL_RULE_DERIVED_CASE	ACCEPTANCE_NOT_VERIFIED
FSM/18	P10446–P10451	P10447-P10452 (GENERAL_FATAL_ROW_EXPANDED)	STABLE → fatal → STOP	DOCX_GENERAL_RULE_DERIVED_CASE	ACCEPTANCE_NOT_VERIFIED
FSM/19	P10446–P10451	P10447-P10452 (GENERAL_FATAL_ROW_EXPANDED)	FREEZE → fatal → STOP	DOCX_GENERAL_RULE_DERIVED_CASE	ACCEPTANCE_NOT_VERIFIED
API/1	P10038	P10039	POST /api/auth/request-otac	DIRECT_DOCX_LOCATOR_REVIEWED	ACCEPTANCE_NOT_VERIFIED
API/2	P10070	P10071	POST /api/auth/verify-otac	DIRECT_DOCX_LOCATOR_REVIEWED	ACCEPTANCE_NOT_VERIFIED
API/3	P10105	P10106	GET /api/session/me	DIRECT_DOCX_LOCATOR_REVIEWED	ACCEPTANCE_NOT_VERIFIED
API/4	P10127	P10128	POST /api/auth/logout	DIRECT_DOCX_LOCATOR_REVIEWED	ACCEPTANCE_NOT_VERIFIED
API/5	P10152	P10153	POST /api/directives	DIRECT_DOCX_LOCATOR_REVIEWED	ACCEPTANCE_NOT_VERIFIED
API/6	P10202	P10203	GET /api/directives/[id]	DIRECT_DOCX_LOCATOR_REVIEWED	ACCEPTANCE_NOT_VERIFIED
API/7	P10221	P10222	GET /api/runs/[id]	DIRECT_DOCX_LOCATOR_REVIEWED	ACCEPTANCE_NOT_VERIFIED
API/8	P10242	P10243	POST /api/freeze/recover	DIRECT_DOCX_LOCATOR_REVIEWED	ACCEPTANCE_NOT_VERIFIED
API/9	P10268	P10269	POST /api/vault/commit	DIRECT_DOCX_LOCATOR_REVIEWED	ACCEPTANCE_NOT_VERIFIED
API/10	P10301	P10302	GET /api/artifacts/[id]/revisions	DIRECT_DOCX_LOCATOR_REVIEWED	ACCEPTANCE_NOT_VERIFIED
API/11	P10330	P10331	GET /api/incidents/[id]	DIRECT_DOCX_LOCATOR_REVIEWED	ACCEPTANCE_NOT_VERIFIED
API/12	P10340	P10341	GET /api/audit-logs	DIRECT_DOCX_LOCATOR_REVIEWED	ACCEPTANCE_NOT_VERIFIED
UI Screens/S1	P10505	P10506	Front Door	DIRECT_DOCX_LOCATOR_REVIEWED	ACCEPTANCE_NOT_VERIFIED
UI Screens/S2	P10509	P10510	OTAC Verify	DIRECT_DOCX_LOCATOR_REVIEWED	ACCEPTANCE_NOT_VERIFIED
UI Screens/S3	P10513	P10514	Home / Front	DIRECT_DOCX_LOCATOR_REVIEWED	ACCEPTANCE_NOT_VERIFIED
UI Screens/S4	P10517	P10518	Directive Create	DIRECT_DOCX_LOCATOR_REVIEWED	ACCEPTANCE_NOT_VERIFIED
UI Screens/S5	P10521	P10522	Directive Detail	DIRECT_DOCX_LOCATOR_REVIEWED	ACCEPTANCE_NOT_VERIFIED
UI Screens/S6	P10525	P10526	Pipeline Run Detail	DIRECT_DOCX_LOCATOR_REVIEWED	ACCEPTANCE_NOT_VERIFIED
UI Screens/S7	P10529	P10530	Freeze Incident	DIRECT_DOCX_LOCATOR_REVIEWED	ACCEPTANCE_NOT_VERIFIED
UI Screens/S8	P10533	P10534	Artifact List	DIRECT_DOCX_LOCATOR_REVIEWED	ACCEPTANCE_NOT_VERIFIED
UI Screens/S9	P10537	P10538	Revision History	DIRECT_DOCX_LOCATOR_REVIEWED	ACCEPTANCE_NOT_VERIFIED
UI Screens/S10	P10541	P10542	Audit Viewer	DIRECT_DOCX_LOCATOR_REVIEWED	ACCEPTANCE_NOT_VERIFIED
UI Screens/S11	P10545	P10546	Owner Control Panel	DIRECT_DOCX_LOCATOR_REVIEWED	ACCEPTANCE_NOT_VERIFIED
UI Screens/S12	P10549	P10550	I-Don't-Know	DIRECT_DOCX_LOCATOR_REVIEWED	ACCEPTANCE_NOT_VERIFIED
UI Components/1	P10582	P10583	StatusChip	DIRECT_DOCX_LOCATOR_REVIEWED	ACCEPTANCE_NOT_VERIFIED
UI Components/2	P10583	P10584	ModeTabs	DIRECT_DOCX_LOCATOR_REVIEWED	ACCEPTANCE_NOT_VERIFIED
UI Components/3	P10584	P10585	DirectiveInput	DIRECT_DOCX_LOCATOR_REVIEWED	ACCEPTANCE_NOT_VERIFIED
UI Components/4	P10585	P10586	ConstraintPanel	DIRECT_DOCX_LOCATOR_REVIEWED	ACCEPTANCE_NOT_VERIFIED
UI Components/5	P10586	P10587	SubmitButton	DIRECT_DOCX_LOCATOR_REVIEWED	ACCEPTANCE_NOT_VERIFIED
UI Components/6	P10587	P10588	FreezeBanner	DIRECT_DOCX_LOCATOR_REVIEWED	ACCEPTANCE_NOT_VERIFIED
UI Components/7	P10588	P10589	IncidentCard	DIRECT_DOCX_LOCATOR_REVIEWED	ACCEPTANCE_NOT_VERIFIED
UI Components/8	P10589	P10590	RevisionTable	DIRECT_DOCX_LOCATOR_REVIEWED	ACCEPTANCE_NOT_VERIFIED
UI Components/9	P10590	P10591	AuditTable	DIRECT_DOCX_LOCATOR_REVIEWED	ACCEPTANCE_NOT_VERIFIED
UI Components/10	P10591	P10592	EmptyStateCard	DIRECT_DOCX_LOCATOR_REVIEWED	ACCEPTANCE_NOT_VERIFIED
UI Components/11	P10592	P10593	PermissionGate	DIRECT_DOCX_LOCATOR_REVIEWED	ACCEPTANCE_NOT_VERIFIED
UI Components/12	P10593	P10594	OwnerActionBar	DIRECT_DOCX_LOCATOR_REVIEWED	ACCEPTANCE_NOT_VERIFIED
UI Components/13	P10594	P10595	LoadingSkeleton	DIRECT_DOCX_LOCATOR_REVIEWED	ACCEPTANCE_NOT_VERIFIED
UI Components/14	P10595	P10596	TrustExplainer	DIRECT_DOCX_LOCATOR_REVIEWED	ACCEPTANCE_NOT_VERIFIED
Storage unique/1	P10731	P10732	User.email @unique => emailHash @unique	DIRECT_DOCX_LOCATOR_REVIEWED	ACCEPTANCE_NOT_VERIFIED
Storage unique/2	P10732	P10733	Session.id @unique => id @id	DIRECT_DOCX_LOCATOR_REVIEWED	ACCEPTANCE_NOT_VERIFIED
Storage unique/3	P10733	P10734	DirectiveRecord.idempotencyKey => @unique	DIRECT_DOCX_LOCATOR_REVIEWED	ACCEPTANCE_NOT_VERIFIED
Storage unique/4	P10734	P10735	Commit.idempotencyKey => @unique	DIRECT_DOCX_LOCATOR_REVIEWED	ACCEPTANCE_NOT_VERIFIED
Storage unique/5	P10735	P10736	Revision(artifactId,revisionNo) => @@unique	DIRECT_DOCX_LOCATOR_REVIEWED	ACCEPTANCE_NOT_VERIFIED
Storage unique/6	P10736	P10737	PipelineRun.id => @id	DIRECT_DOCX_LOCATOR_REVIEWED	ACCEPTANCE_NOT_VERIFIED
Storage unique/7	P10737	P10738	FreezeIncident.pipelineRunId => @unique	DIRECT_DOCX_LOCATOR_REVIEWED	ACCEPTANCE_NOT_VERIFIED
DOC-E/E1	P10924	P10925	E01-contract-test-report.md	DIRECT_DOCX_LOCATOR_REVIEWED	ACCEPTANCE_NOT_VERIFIED
DOC-E/E2	P10926	P10927	E02-api-schema-snapshot.md	DIRECT_DOCX_LOCATOR_REVIEWED	ACCEPTANCE_NOT_VERIFIED
DOC-E/E3	P10928	P10929	E03-migration-roundtrip.md	DIRECT_DOCX_LOCATOR_REVIEWED	ACCEPTANCE_NOT_VERIFIED
DOC-E/E4	P10930	P10931	E04-state-machine.md	DIRECT_DOCX_LOCATOR_REVIEWED	ACCEPTANCE_NOT_VERIFIED
DOC-E/E5	P10932	P10933	E05-rbac-tests.md	DIRECT_DOCX_LOCATOR_REVIEWED	ACCEPTANCE_NOT_VERIFIED
DOC-E/E6	P10934	P10935	E06-auth-abuse.md	DIRECT_DOCX_LOCATOR_REVIEWED	ACCEPTANCE_NOT_VERIFIED
DOC-E/E7	P10936	P10937	E07-queue-worker-readiness.md	DIRECT_DOCX_LOCATOR_REVIEWED	ACCEPTANCE_NOT_VERIFIED
DOC-E/E8	P10938	P10939	E08-observability-alarm.md	DIRECT_DOCX_LOCATOR_REVIEWED	ACCEPTANCE_NOT_VERIFIED
DOC-E/E9	P10940	P10941	E09-incident-drill.md	DIRECT_DOCX_LOCATOR_REVIEWED	ACCEPTANCE_NOT_VERIFIED
DOC-E/E10	P10942	P10943	E10-deploy-runbook.md	DIRECT_DOCX_LOCATOR_REVIEWED	ACCEPTANCE_NOT_VERIFIED
DOC-E/E11	P10944	P10945	E11-release-signoff.md	DIRECT_DOCX_LOCATOR_REVIEWED	ACCEPTANCE_NOT_VERIFIED
DOC-E/E12	P10946	P10947	E12-rollback-execution.md	DIRECT_DOCX_LOCATOR_REVIEWED	ACCEPTANCE_NOT_VERIFIED
