id	source_locator	expected_atomic	source_path	git_blob_at_head	static_observation	V4_runtime_tests	acceptance	auditor	next_action
Defaults/confidence_min	P9913	confidence_min=0.85	packages/api/vnext-config.ts	a3141a649be7e40ec79f417f53bba9b73081232b	SOURCE_VALUE_EQUAL	NOT_EXECUTED_V4	NOT_VERIFIED	AUDITOR_PENDING	Compare exact spec numeric + static contract + actual runtime consumption where applicable; ensure no unauthorized inline override; negative boundary test
Defaults/deterministic_match_min	P9914	deterministic_match_min=0.9	packages/api/vnext-config.ts	a3141a649be7e40ec79f417f53bba9b73081232b	SOURCE_VALUE_EQUAL	NOT_EXECUTED_V4	NOT_VERIFIED	AUDITOR_PENDING	Compare exact spec numeric + static contract + actual runtime consumption where applicable; ensure no unauthorized inline override; negative boundary test
Defaults/quorum_min	P9915	quorum_min=2	packages/api/vnext-config.ts	a3141a649be7e40ec79f417f53bba9b73081232b	SOURCE_VALUE_EQUAL	NOT_EXECUTED_V4	NOT_VERIFIED	AUDITOR_PENDING	Compare exact spec numeric + static contract + actual runtime consumption where applicable; ensure no unauthorized inline override; negative boundary test
Defaults/evidence_min	P9916	evidence_min=2	packages/api/vnext-config.ts	a3141a649be7e40ec79f417f53bba9b73081232b	SOURCE_VALUE_EQUAL	NOT_EXECUTED_V4	NOT_VERIFIED	AUDITOR_PENDING	Compare exact spec numeric + static contract + actual runtime consumption where applicable; ensure no unauthorized inline override; negative boundary test
Defaults/decompose_timeout_ms	P9919	decompose_timeout_ms=5000	packages/api/vnext-config.ts	a3141a649be7e40ec79f417f53bba9b73081232b	SOURCE_VALUE_EQUAL	NOT_EXECUTED_V4	NOT_VERIFIED	AUDITOR_PENDING	Compare exact spec numeric + static contract + actual runtime consumption where applicable; ensure no unauthorized inline override; negative boundary test
Defaults/agent_timeout_default_ms	P9920	agent_timeout_default_ms=30000	packages/api/vnext-config.ts	a3141a649be7e40ec79f417f53bba9b73081232b	SOURCE_VALUE_EQUAL	NOT_EXECUTED_V4	NOT_VERIFIED	AUDITOR_PENDING	Compare exact spec numeric + static contract + actual runtime consumption where applicable; ensure no unauthorized inline override; negative boundary test
Defaults/agent_timeout_min_ms	P9921	agent_timeout_min_ms=10000	packages/api/vnext-config.ts	a3141a649be7e40ec79f417f53bba9b73081232b	SOURCE_VALUE_EQUAL	NOT_EXECUTED_V4	NOT_VERIFIED	AUDITOR_PENDING	Compare exact spec numeric + static contract + actual runtime consumption where applicable; ensure no unauthorized inline override; negative boundary test
Defaults/agent_timeout_max_ms	P9922	agent_timeout_max_ms=60000	packages/api/vnext-config.ts	a3141a649be7e40ec79f417f53bba9b73081232b	SOURCE_VALUE_EQUAL	NOT_EXECUTED_V4	NOT_VERIFIED	AUDITOR_PENDING	Compare exact spec numeric + static contract + actual runtime consumption where applicable; ensure no unauthorized inline override; negative boundary test
Defaults/critical_agent_timeout_ms	P9923	critical_agent_timeout_ms=30000	packages/api/vnext-config.ts	a3141a649be7e40ec79f417f53bba9b73081232b	SOURCE_VALUE_EQUAL	NOT_EXECUTED_V4	NOT_VERIFIED	AUDITOR_PENDING	Compare exact spec numeric + static contract + actual runtime consumption where applicable; ensure no unauthorized inline override; negative boundary test
Defaults/cross_verify_timeout_ms	P9924	cross_verify_timeout_ms=15000	packages/api/vnext-config.ts	a3141a649be7e40ec79f417f53bba9b73081232b	SOURCE_VALUE_EQUAL	NOT_EXECUTED_V4	NOT_VERIFIED	AUDITOR_PENDING	Compare exact spec numeric + static contract + actual runtime consumption where applicable; ensure no unauthorized inline override; negative boundary test
Defaults/consensus_timeout_ms	P9925	consensus_timeout_ms=10000	packages/api/vnext-config.ts	a3141a649be7e40ec79f417f53bba9b73081232b	SOURCE_VALUE_EQUAL	NOT_EXECUTED_V4	NOT_VERIFIED	AUDITOR_PENDING	Compare exact spec numeric + static contract + actual runtime consumption where applicable; ensure no unauthorized inline override; negative boundary test
Defaults/emit_timeout_ms	P9926	emit_timeout_ms=5000	packages/api/vnext-config.ts	a3141a649be7e40ec79f417f53bba9b73081232b	SOURCE_VALUE_EQUAL	NOT_EXECUTED_V4	NOT_VERIFIED	AUDITOR_PENDING	Compare exact spec numeric + static contract + actual runtime consumption where applicable; ensure no unauthorized inline override; negative boundary test
Defaults/pipeline_cap_ms	P9927	pipeline_cap_ms=120000	packages/api/vnext-config.ts	a3141a649be7e40ec79f417f53bba9b73081232b	SOURCE_VALUE_EQUAL	NOT_EXECUTED_V4	NOT_VERIFIED	AUDITOR_PENDING	Compare exact spec numeric + static contract + actual runtime consumption where applicable; ensure no unauthorized inline override; negative boundary test
Defaults/otac_length	P9930	otac_length=10	packages/api/vnext-config.ts	a3141a649be7e40ec79f417f53bba9b73081232b	SOURCE_VALUE_EQUAL	NOT_EXECUTED_V4	NOT_VERIFIED	AUDITOR_PENDING	Compare exact spec numeric + static contract + actual runtime consumption where applicable; ensure no unauthorized inline override; negative boundary test
Defaults/otac_ttl_ms	P9931	otac_ttl_ms=300000	packages/api/vnext-config.ts	a3141a649be7e40ec79f417f53bba9b73081232b	SOURCE_VALUE_EQUAL	NOT_EXECUTED_V4	NOT_VERIFIED	AUDITOR_PENDING	Compare exact spec numeric + static contract + actual runtime consumption where applicable; ensure no unauthorized inline override; negative boundary test
Defaults/otac_max_attempts	P9932	otac_max_attempts=5	packages/api/vnext-config.ts	a3141a649be7e40ec79f417f53bba9b73081232b	SOURCE_VALUE_EQUAL	NOT_EXECUTED_V4	NOT_VERIFIED	AUDITOR_PENDING	Compare exact spec numeric + static contract + actual runtime consumption where applicable; ensure no unauthorized inline override; negative boundary test
Defaults/otac_resend_cooldown_ms	P9933	otac_resend_cooldown_ms=60000	packages/api/vnext-config.ts	a3141a649be7e40ec79f417f53bba9b73081232b	SOURCE_VALUE_EQUAL	NOT_EXECUTED_V4	NOT_VERIFIED	AUDITOR_PENDING	Compare exact spec numeric + static contract + actual runtime consumption where applicable; ensure no unauthorized inline override; negative boundary test
Defaults/otac_lock_window_ms	P9934	otac_lock_window_ms=900000	packages/api/vnext-config.ts	a3141a649be7e40ec79f417f53bba9b73081232b	SOURCE_VALUE_EQUAL	NOT_EXECUTED_V4	NOT_VERIFIED	AUDITOR_PENDING	Compare exact spec numeric + static contract + actual runtime consumption where applicable; ensure no unauthorized inline override; negative boundary test
Defaults/session_ttl_ms	P9935	session_ttl_ms=21600000	packages/api/vnext-config.ts	a3141a649be7e40ec79f417f53bba9b73081232b	SOURCE_VALUE_EQUAL	NOT_EXECUTED_V4	NOT_VERIFIED	AUDITOR_PENDING	Compare exact spec numeric + static contract + actual runtime consumption where applicable; ensure no unauthorized inline override; negative boundary test
Defaults/concurrent_sessions_per_user	P9936	concurrent_sessions_per_user=5	packages/api/vnext-config.ts	a3141a649be7e40ec79f417f53bba9b73081232b	SOURCE_VALUE_EQUAL	NOT_EXECUTED_V4	NOT_VERIFIED	AUDITOR_PENDING	Compare exact spec numeric + static contract + actual runtime consumption where applicable; ensure no unauthorized inline override; negative boundary test
Defaults/event_log_days	P9939	event_log_days=90	packages/api/vnext-config.ts	a3141a649be7e40ec79f417f53bba9b73081232b	SOURCE_VALUE_EQUAL	NOT_EXECUTED_V4	NOT_VERIFIED	AUDITOR_PENDING	Compare exact spec numeric + static contract + actual runtime consumption where applicable; ensure no unauthorized inline override; negative boundary test
Defaults/audit_log_days	P9940	audit_log_days=365	packages/api/vnext-config.ts	a3141a649be7e40ec79f417f53bba9b73081232b	SOURCE_VALUE_EQUAL	NOT_EXECUTED_V4	NOT_VERIFIED	AUDITOR_PENDING	Compare exact spec numeric + static contract + actual runtime consumption where applicable; ensure no unauthorized inline override; negative boundary test
Defaults/security_incident_days	P9941	security_incident_days=365	packages/api/vnext-config.ts	a3141a649be7e40ec79f417f53bba9b73081232b	SOURCE_VALUE_EQUAL	NOT_EXECUTED_V4	NOT_VERIFIED	AUDITOR_PENDING	Compare exact spec numeric + static contract + actual runtime consumption where applicable; ensure no unauthorized inline override; negative boundary test
Defaults/freeze_incident_days	P9942	freeze_incident_days=365	packages/api/vnext-config.ts	a3141a649be7e40ec79f417f53bba9b73081232b	SOURCE_VALUE_EQUAL	NOT_EXECUTED_V4	NOT_VERIFIED	AUDITOR_PENDING	Compare exact spec numeric + static contract + actual runtime consumption where applicable; ensure no unauthorized inline override; negative boundary test
Defaults/stale_job_ttl_ms	P9945	stale_job_ttl_ms=900000	packages/api/vnext-config.ts	a3141a649be7e40ec79f417f53bba9b73081232b	SOURCE_VALUE_EQUAL	NOT_EXECUTED_V4	NOT_VERIFIED	AUDITOR_PENDING	Compare exact spec numeric + static contract + actual runtime consumption where applicable; ensure no unauthorized inline override; negative boundary test
Defaults/max_concurrent_pipeline_runs	P9946	max_concurrent_pipeline_runs=10	packages/api/vnext-config.ts	a3141a649be7e40ec79f417f53bba9b73081232b	SOURCE_VALUE_EQUAL	NOT_EXECUTED_V4	NOT_VERIFIED	AUDITOR_PENDING	Compare exact spec numeric + static contract + actual runtime consumption where applicable; ensure no unauthorized inline override; negative boundary test
Status/OK	P9951	OK	packages/contracts/state.ts	04efcc7161c5415922e11e16174013d1d4ea40a3	SOURCE_LITERAL_FOUND	NOT_EXECUTED_V4	NOT_VERIFIED	AUDITOR_PENDING	Check Zod wire schema and all envelope/runtime mappings with positive+rejected values; inspect persistence and UI projection
Status/DEGRADED	P9951	DEGRADED	packages/contracts/state.ts	04efcc7161c5415922e11e16174013d1d4ea40a3	SOURCE_LITERAL_FOUND	NOT_EXECUTED_V4	NOT_VERIFIED	AUDITOR_PENDING	Check Zod wire schema and all envelope/runtime mappings with positive+rejected values; inspect persistence and UI projection
Status/FREEZE	P9951	FREEZE	packages/contracts/state.ts	04efcc7161c5415922e11e16174013d1d4ea40a3	SOURCE_LITERAL_FOUND	NOT_EXECUTED_V4	NOT_VERIFIED	AUDITOR_PENDING	Check Zod wire schema and all envelope/runtime mappings with positive+rejected values; inspect persistence and UI projection
Status/STOP	P9951	STOP	packages/contracts/state.ts	04efcc7161c5415922e11e16174013d1d4ea40a3	SOURCE_LITERAL_FOUND	NOT_EXECUTED_V4	NOT_VERIFIED	AUDITOR_PENDING	Check Zod wire schema and all envelope/runtime mappings with positive+rejected values; inspect persistence and UI projection
States/INIT	P9954–P9962	INIT	packages/core/vnext-state-matrix.ts	27e1281fba330784cc3bf2c30e9e1e82f951479b	SOURCE_LITERAL_FOUND	NOT_EXECUTED_V4	NOT_VERIFIED	AUDITOR_PENDING	Check machine state schema and every affected legal/illegal transition with event/audit proof
States/READY	P9954–P9962	READY	packages/core/vnext-state-matrix.ts	27e1281fba330784cc3bf2c30e9e1e82f951479b	SOURCE_LITERAL_FOUND	NOT_EXECUTED_V4	NOT_VERIFIED	AUDITOR_PENDING	Check machine state schema and every affected legal/illegal transition with event/audit proof
States/RUNNING	P9954–P9962	RUNNING	packages/core/vnext-state-matrix.ts	27e1281fba330784cc3bf2c30e9e1e82f951479b	SOURCE_LITERAL_FOUND	NOT_EXECUTED_V4	NOT_VERIFIED	AUDITOR_PENDING	Check machine state schema and every affected legal/illegal transition with event/audit proof
States/VERIFYING	P9954–P9962	VERIFYING	packages/core/vnext-state-matrix.ts	27e1281fba330784cc3bf2c30e9e1e82f951479b	SOURCE_LITERAL_FOUND	NOT_EXECUTED_V4	NOT_VERIFIED	AUDITOR_PENDING	Check machine state schema and every affected legal/illegal transition with event/audit proof
States/CONSENSUS	P9954–P9962	CONSENSUS	packages/core/vnext-state-matrix.ts	27e1281fba330784cc3bf2c30e9e1e82f951479b	SOURCE_LITERAL_FOUND	NOT_EXECUTED_V4	NOT_VERIFIED	AUDITOR_PENDING	Check machine state schema and every affected legal/illegal transition with event/audit proof
States/STABLE	P9954–P9962	STABLE	packages/core/vnext-state-matrix.ts	27e1281fba330784cc3bf2c30e9e1e82f951479b	SOURCE_LITERAL_FOUND	NOT_EXECUTED_V4	NOT_VERIFIED	AUDITOR_PENDING	Check machine state schema and every affected legal/illegal transition with event/audit proof
States/FREEZE	P9954–P9962	FREEZE	packages/core/vnext-state-matrix.ts	27e1281fba330784cc3bf2c30e9e1e82f951479b	SOURCE_LITERAL_FOUND	NOT_EXECUTED_V4	NOT_VERIFIED	AUDITOR_PENDING	Check machine state schema and every affected legal/illegal transition with event/audit proof
States/STOP	P9954–P9962	STOP	packages/core/vnext-state-matrix.ts	27e1281fba330784cc3bf2c30e9e1e82f951479b	SOURCE_LITERAL_FOUND	NOT_EXECUTED_V4	NOT_VERIFIED	AUDITOR_PENDING	Check machine state schema and every affected legal/illegal transition with event/audit proof
ErrorCodes/INVALID_DIRECTIVE	P9965	INVALID_DIRECTIVE	packages/contracts/errors.ts	b6a1737688399cf0571236f23c0b5ce0f7de5847	SOURCE_LITERAL_FOUND	NOT_EXECUTED_V4	NOT_VERIFIED	AUDITOR_PENDING	Check enum contract and API/schema mapping for matching error, status, recovery and no leakage; negative test
ErrorCodes/EMPTY_INPUT	P9966	EMPTY_INPUT	packages/contracts/errors.ts	b6a1737688399cf0571236f23c0b5ce0f7de5847	SOURCE_LITERAL_FOUND	NOT_EXECUTED_V4	NOT_VERIFIED	AUDITOR_PENDING	Check enum contract and API/schema mapping for matching error, status, recovery and no leakage; negative test
ErrorCodes/AMBIGUOUS_INPUT	P9967	AMBIGUOUS_INPUT	packages/contracts/errors.ts	b6a1737688399cf0571236f23c0b5ce0f7de5847	SOURCE_LITERAL_FOUND	NOT_EXECUTED_V4	NOT_VERIFIED	AUDITOR_PENDING	Check enum contract and API/schema mapping for matching error, status, recovery and no leakage; negative test
ErrorCodes/UNVERIFIED_OUTPUT	P9968	UNVERIFIED_OUTPUT	packages/contracts/errors.ts	b6a1737688399cf0571236f23c0b5ce0f7de5847	SOURCE_LITERAL_FOUND	NOT_EXECUTED_V4	NOT_VERIFIED	AUDITOR_PENDING	Check enum contract and API/schema mapping for matching error, status, recovery and no leakage; negative test
ErrorCodes/CONSENSUS_FAILED	P9969	CONSENSUS_FAILED	packages/contracts/errors.ts	b6a1737688399cf0571236f23c0b5ce0f7de5847	SOURCE_LITERAL_FOUND	NOT_EXECUTED_V4	NOT_VERIFIED	AUDITOR_PENDING	Check enum contract and API/schema mapping for matching error, status, recovery and no leakage; negative test
ErrorCodes/EVIDENCE_MISSING	P9970	EVIDENCE_MISSING	packages/contracts/errors.ts	b6a1737688399cf0571236f23c0b5ce0f7de5847	SOURCE_LITERAL_FOUND	NOT_EXECUTED_V4	NOT_VERIFIED	AUDITOR_PENDING	Check enum contract and API/schema mapping for matching error, status, recovery and no leakage; negative test
ErrorCodes/SCHEMA_VIOLATION	P9971	SCHEMA_VIOLATION	packages/contracts/errors.ts	b6a1737688399cf0571236f23c0b5ce0f7de5847	SOURCE_LITERAL_FOUND	NOT_EXECUTED_V4	NOT_VERIFIED	AUDITOR_PENDING	Check enum contract and API/schema mapping for matching error, status, recovery and no leakage; negative test
ErrorCodes/STATE_TRANSITION_DENIED	P9972	STATE_TRANSITION_DENIED	packages/contracts/errors.ts	b6a1737688399cf0571236f23c0b5ce0f7de5847	SOURCE_LITERAL_FOUND	NOT_EXECUTED_V4	NOT_VERIFIED	AUDITOR_PENDING	Check enum contract and API/schema mapping for matching error, status, recovery and no leakage; negative test
ErrorCodes/INVALID_STATE	P9973	INVALID_STATE	packages/contracts/errors.ts	b6a1737688399cf0571236f23c0b5ce0f7de5847	SOURCE_LITERAL_FOUND	NOT_EXECUTED_V4	NOT_VERIFIED	AUDITOR_PENDING	Check enum contract and API/schema mapping for matching error, status, recovery and no leakage; negative test
ErrorCodes/AUTH_INVALID	P9974	AUTH_INVALID	packages/contracts/errors.ts	b6a1737688399cf0571236f23c0b5ce0f7de5847	SOURCE_LITERAL_FOUND	NOT_EXECUTED_V4	NOT_VERIFIED	AUDITOR_PENDING	Check enum contract and API/schema mapping for matching error, status, recovery and no leakage; negative test
ErrorCodes/AUTH_EXPIRED	P9975	AUTH_EXPIRED	packages/contracts/errors.ts	b6a1737688399cf0571236f23c0b5ce0f7de5847	SOURCE_LITERAL_FOUND	NOT_EXECUTED_V4	NOT_VERIFIED	AUDITOR_PENDING	Check enum contract and API/schema mapping for matching error, status, recovery and no leakage; negative test
ErrorCodes/UNAUTHORIZED	P9976	UNAUTHORIZED	packages/contracts/errors.ts	b6a1737688399cf0571236f23c0b5ce0f7de5847	SOURCE_LITERAL_FOUND	NOT_EXECUTED_V4	NOT_VERIFIED	AUDITOR_PENDING	Check enum contract and API/schema mapping for matching error, status, recovery and no leakage; negative test
ErrorCodes/FORBIDDEN	P9977	FORBIDDEN	packages/contracts/errors.ts	b6a1737688399cf0571236f23c0b5ce0f7de5847	SOURCE_LITERAL_FOUND	NOT_EXECUTED_V4	NOT_VERIFIED	AUDITOR_PENDING	Check enum contract and API/schema mapping for matching error, status, recovery and no leakage; negative test
ErrorCodes/SESSION_REVOKED	P9978	SESSION_REVOKED	packages/contracts/errors.ts	b6a1737688399cf0571236f23c0b5ce0f7de5847	SOURCE_LITERAL_FOUND	NOT_EXECUTED_V4	NOT_VERIFIED	AUDITOR_PENDING	Check enum contract and API/schema mapping for matching error, status, recovery and no leakage; negative test
ErrorCodes/DEVICE_MISMATCH	P9979	DEVICE_MISMATCH	packages/contracts/errors.ts	b6a1737688399cf0571236f23c0b5ce0f7de5847	SOURCE_LITERAL_FOUND	NOT_EXECUTED_V4	NOT_VERIFIED	AUDITOR_PENDING	Check enum contract and API/schema mapping for matching error, status, recovery and no leakage; negative test
ErrorCodes/CSRF_INVALID	P9980	CSRF_INVALID	packages/contracts/errors.ts	b6a1737688399cf0571236f23c0b5ce0f7de5847	SOURCE_LITERAL_FOUND	NOT_EXECUTED_V4	NOT_VERIFIED	AUDITOR_PENDING	Check enum contract and API/schema mapping for matching error, status, recovery and no leakage; negative test
ErrorCodes/OTAC_LOCKED	P9981	OTAC_LOCKED	packages/contracts/errors.ts	b6a1737688399cf0571236f23c0b5ce0f7de5847	SOURCE_LITERAL_FOUND	NOT_EXECUTED_V4	NOT_VERIFIED	AUDITOR_PENDING	Check enum contract and API/schema mapping for matching error, status, recovery and no leakage; negative test
ErrorCodes/RATE_LIMIT_EXCEEDED	P9982	RATE_LIMIT_EXCEEDED	packages/contracts/errors.ts	b6a1737688399cf0571236f23c0b5ce0f7de5847	SOURCE_LITERAL_FOUND	NOT_EXECUTED_V4	NOT_VERIFIED	AUDITOR_PENDING	Check enum contract and API/schema mapping for matching error, status, recovery and no leakage; negative test
ErrorCodes/SECURITY_BREACH_DETECTED	P9983	SECURITY_BREACH_DETECTED	packages/contracts/errors.ts	b6a1737688399cf0571236f23c0b5ce0f7de5847	SOURCE_LITERAL_FOUND	NOT_EXECUTED_V4	NOT_VERIFIED	AUDITOR_PENDING	Check enum contract and API/schema mapping for matching error, status, recovery and no leakage; negative test
ErrorCodes/SYSTEM_IN_FREEZE	P9984	SYSTEM_IN_FREEZE	packages/contracts/errors.ts	b6a1737688399cf0571236f23c0b5ce0f7de5847	SOURCE_LITERAL_FOUND	NOT_EXECUTED_V4	NOT_VERIFIED	AUDITOR_PENDING	Check enum contract and API/schema mapping for matching error, status, recovery and no leakage; negative test
ErrorCodes/DEPENDENCY_FAILURE	P9985	DEPENDENCY_FAILURE	packages/contracts/errors.ts	b6a1737688399cf0571236f23c0b5ce0f7de5847	SOURCE_LITERAL_FOUND	NOT_EXECUTED_V4	NOT_VERIFIED	AUDITOR_PENDING	Check enum contract and API/schema mapping for matching error, status, recovery and no leakage; negative test
ErrorCodes/DEPENDENCY_UNHEALTHY	P9986	DEPENDENCY_UNHEALTHY	packages/contracts/errors.ts	b6a1737688399cf0571236f23c0b5ce0f7de5847	SOURCE_LITERAL_FOUND	NOT_EXECUTED_V4	NOT_VERIFIED	AUDITOR_PENDING	Check enum contract and API/schema mapping for matching error, status, recovery and no leakage; negative test
ErrorCodes/TIMEOUT	P9987	TIMEOUT	packages/contracts/errors.ts	b6a1737688399cf0571236f23c0b5ce0f7de5847	SOURCE_LITERAL_FOUND	NOT_EXECUTED_V4	NOT_VERIFIED	AUDITOR_PENDING	Check enum contract and API/schema mapping for matching error, status, recovery and no leakage; negative test
ErrorCodes/AGENT_TIMEOUT	P9988	AGENT_TIMEOUT	packages/contracts/errors.ts	b6a1737688399cf0571236f23c0b5ce0f7de5847	SOURCE_LITERAL_FOUND	NOT_EXECUTED_V4	NOT_VERIFIED	AUDITOR_PENDING	Check enum contract and API/schema mapping for matching error, status, recovery and no leakage; negative test
ErrorCodes/AGENT_SCHEMA_INVALID	P9989	AGENT_SCHEMA_INVALID	packages/contracts/errors.ts	b6a1737688399cf0571236f23c0b5ce0f7de5847	SOURCE_LITERAL_FOUND	NOT_EXECUTED_V4	NOT_VERIFIED	AUDITOR_PENDING	Check enum contract and API/schema mapping for matching error, status, recovery and no leakage; negative test
ErrorCodes/FREEZE_RECOVERY_DENIED	P9990	FREEZE_RECOVERY_DENIED	packages/contracts/errors.ts	b6a1737688399cf0571236f23c0b5ce0f7de5847	SOURCE_LITERAL_FOUND	NOT_EXECUTED_V4	NOT_VERIFIED	AUDITOR_PENDING	Check enum contract and API/schema mapping for matching error, status, recovery and no leakage; negative test
ErrorCodes/VAULT_COMMIT_CONFLICT	P9991	VAULT_COMMIT_CONFLICT	packages/contracts/errors.ts	b6a1737688399cf0571236f23c0b5ce0f7de5847	SOURCE_LITERAL_FOUND	NOT_EXECUTED_V4	NOT_VERIFIED	AUDITOR_PENDING	Check enum contract and API/schema mapping for matching error, status, recovery and no leakage; negative test
ErrorCodes/REVISION_NOT_FOUND	P9992	REVISION_NOT_FOUND	packages/contracts/errors.ts	b6a1737688399cf0571236f23c0b5ce0f7de5847	SOURCE_LITERAL_FOUND	NOT_EXECUTED_V4	NOT_VERIFIED	AUDITOR_PENDING	Check enum contract and API/schema mapping for matching error, status, recovery and no leakage; negative test
ErrorCodes/RELEASE_POLICY_FAILED	P9993	RELEASE_POLICY_FAILED	packages/contracts/errors.ts	b6a1737688399cf0571236f23c0b5ce0f7de5847	SOURCE_LITERAL_FOUND	NOT_EXECUTED_V4	NOT_VERIFIED	AUDITOR_PENDING	Check enum contract and API/schema mapping for matching error, status, recovery and no leakage; negative test
FSM/1	P10374–P10445	INIT → boot → READY	packages/core/vnext-state-matrix.ts	27e1281fba330784cc3bf2c30e9e1e82f951479b	TRANSITION_LITERAL_FOUND	NOT_EXECUTED_V4	NOT_VERIFIED	AUDITOR_PENDING	Check allowed event, actor, guards, log+incident, invalid transition freeze; independent runtime test and snapshot
FSM/2	P10374–P10445	READY → execute → RUNNING	packages/core/vnext-state-matrix.ts	27e1281fba330784cc3bf2c30e9e1e82f951479b	TRANSITION_LITERAL_FOUND	NOT_EXECUTED_V4	NOT_VERIFIED	AUDITOR_PENDING	Check allowed event, actor, guards, log+incident, invalid transition freeze; independent runtime test and snapshot
FSM/3	P10374–P10445	RUNNING → agents_done → VERIFYING	packages/core/vnext-state-matrix.ts	27e1281fba330784cc3bf2c30e9e1e82f951479b	TRANSITION_LITERAL_FOUND	NOT_EXECUTED_V4	NOT_VERIFIED	AUDITOR_PENDING	Check allowed event, actor, guards, log+incident, invalid transition freeze; independent runtime test and snapshot
FSM/4	P10374–P10445	RUNNING → timeout → FREEZE	packages/core/vnext-state-matrix.ts	27e1281fba330784cc3bf2c30e9e1e82f951479b	TRANSITION_LITERAL_FOUND	NOT_EXECUTED_V4	NOT_VERIFIED	AUDITOR_PENDING	Check allowed event, actor, guards, log+incident, invalid transition freeze; independent runtime test and snapshot
FSM/5	P10374–P10445	RUNNING → error → FREEZE	packages/core/vnext-state-matrix.ts	27e1281fba330784cc3bf2c30e9e1e82f951479b	TRANSITION_LITERAL_FOUND	NOT_EXECUTED_V4	NOT_VERIFIED	AUDITOR_PENDING	Check allowed event, actor, guards, log+incident, invalid transition freeze; independent runtime test and snapshot
FSM/6	P10374–P10445	VERIFYING → verified → CONSENSUS	packages/core/vnext-state-matrix.ts	27e1281fba330784cc3bf2c30e9e1e82f951479b	TRANSITION_LITERAL_FOUND	NOT_EXECUTED_V4	NOT_VERIFIED	AUDITOR_PENDING	Check allowed event, actor, guards, log+incident, invalid transition freeze; independent runtime test and snapshot
FSM/7	P10374–P10445	VERIFYING → error → FREEZE	packages/core/vnext-state-matrix.ts	27e1281fba330784cc3bf2c30e9e1e82f951479b	TRANSITION_LITERAL_FOUND	NOT_EXECUTED_V4	NOT_VERIFIED	AUDITOR_PENDING	Check allowed event, actor, guards, log+incident, invalid transition freeze; independent runtime test and snapshot
FSM/8	P10374–P10445	CONSENSUS → accepted → STABLE	packages/core/vnext-state-matrix.ts	27e1281fba330784cc3bf2c30e9e1e82f951479b	TRANSITION_LITERAL_FOUND	NOT_EXECUTED_V4	NOT_VERIFIED	AUDITOR_PENDING	Check allowed event, actor, guards, log+incident, invalid transition freeze; independent runtime test and snapshot
FSM/9	P10374–P10445	CONSENSUS → rejected → FREEZE	packages/core/vnext-state-matrix.ts	27e1281fba330784cc3bf2c30e9e1e82f951479b	TRANSITION_LITERAL_FOUND	NOT_EXECUTED_V4	NOT_VERIFIED	AUDITOR_PENDING	Check allowed event, actor, guards, log+incident, invalid transition freeze; independent runtime test and snapshot
FSM/10	P10374–P10445	CONSENSUS → timeout → FREEZE	packages/core/vnext-state-matrix.ts	27e1281fba330784cc3bf2c30e9e1e82f951479b	TRANSITION_LITERAL_FOUND	NOT_EXECUTED_V4	NOT_VERIFIED	AUDITOR_PENDING	Check allowed event, actor, guards, log+incident, invalid transition freeze; independent runtime test and snapshot
FSM/11	P10374–P10445	FREEZE → recover → READY	packages/core/vnext-state-matrix.ts	27e1281fba330784cc3bf2c30e9e1e82f951479b	TRANSITION_LITERAL_FOUND	NOT_EXECUTED_V4	NOT_VERIFIED	AUDITOR_PENDING	Check allowed event, actor, guards, log+incident, invalid transition freeze; independent runtime test and snapshot
FSM/12	P10374–P10445	FREEZE → fatal → STOP	packages/core/vnext-state-matrix.ts	27e1281fba330784cc3bf2c30e9e1e82f951479b	TRANSITION_LITERAL_FOUND	NOT_EXECUTED_V4	NOT_VERIFIED	AUDITOR_PENDING	Check allowed event, actor, guards, log+incident, invalid transition freeze; independent runtime test and snapshot
FSM/13	P10446–P10451	INIT → fatal → STOP	packages/core/vnext-state-matrix.ts	27e1281fba330784cc3bf2c30e9e1e82f951479b	TRANSITION_LITERAL_FOUND	NOT_EXECUTED_V4	NOT_VERIFIED	AUDITOR_PENDING	Check allowed event, actor, guards, log+incident, invalid transition freeze; independent runtime test and snapshot
FSM/14	P10446–P10451	READY → fatal → STOP	packages/core/vnext-state-matrix.ts	27e1281fba330784cc3bf2c30e9e1e82f951479b	TRANSITION_LITERAL_FOUND	NOT_EXECUTED_V4	NOT_VERIFIED	AUDITOR_PENDING	Check allowed event, actor, guards, log+incident, invalid transition freeze; independent runtime test and snapshot
FSM/15	P10446–P10451	RUNNING → fatal → STOP	packages/core/vnext-state-matrix.ts	27e1281fba330784cc3bf2c30e9e1e82f951479b	TRANSITION_LITERAL_FOUND	NOT_EXECUTED_V4	NOT_VERIFIED	AUDITOR_PENDING	Check allowed event, actor, guards, log+incident, invalid transition freeze; independent runtime test and snapshot
FSM/16	P10446–P10451	VERIFYING → fatal → STOP	packages/core/vnext-state-matrix.ts	27e1281fba330784cc3bf2c30e9e1e82f951479b	TRANSITION_LITERAL_FOUND	NOT_EXECUTED_V4	NOT_VERIFIED	AUDITOR_PENDING	Check allowed event, actor, guards, log+incident, invalid transition freeze; independent runtime test and snapshot
FSM/17	P10446–P10451	CONSENSUS → fatal → STOP	packages/core/vnext-state-matrix.ts	27e1281fba330784cc3bf2c30e9e1e82f951479b	TRANSITION_LITERAL_FOUND	NOT_EXECUTED_V4	NOT_VERIFIED	AUDITOR_PENDING	Check allowed event, actor, guards, log+incident, invalid transition freeze; independent runtime test and snapshot
FSM/18	P10446–P10451	STABLE → fatal → STOP	packages/core/vnext-state-matrix.ts	27e1281fba330784cc3bf2c30e9e1e82f951479b	TRANSITION_LITERAL_FOUND	NOT_EXECUTED_V4	NOT_VERIFIED	AUDITOR_PENDING	Check allowed event, actor, guards, log+incident, invalid transition freeze; independent runtime test and snapshot
FSM/19	P10446–P10451	FREEZE → fatal → STOP	packages/core/vnext-state-matrix.ts	27e1281fba330784cc3bf2c30e9e1e82f951479b	TRANSITION_LITERAL_FOUND	NOT_EXECUTED_V4	NOT_VERIFIED	AUDITOR_PENDING	Check allowed event, actor, guards, log+incident, invalid transition freeze; independent runtime test and snapshot
API/1	P10038	POST /api/auth/request-otac	apps/web/app/api/auth/request-otac/route.ts	ef7cbefc3cf339ab0b387a6ccf1f8de77038e5be	ROUTE_FILE_FOUND	NOT_EXECUTED_V4	NOT_VERIFIED	AUDITOR_PENDING	Check route method/auth/RBAC/CSRF/input/error envelope/idempotency/durable writes/audit with integration test
API/2	P10070	POST /api/auth/verify-otac	apps/web/app/api/auth/verify-otac/route.ts	ca62df87060264c279316c9e06b340d9a8ee6aa3	ROUTE_FILE_FOUND	NOT_EXECUTED_V4	NOT_VERIFIED	AUDITOR_PENDING	Check route method/auth/RBAC/CSRF/input/error envelope/idempotency/durable writes/audit with integration test
API/3	P10105	GET /api/session/me	apps/web/app/api/session/me/route.ts	7cd33f322e185485e386e431e5bd5a970f3374c0	ROUTE_FILE_FOUND	NOT_EXECUTED_V4	NOT_VERIFIED	AUDITOR_PENDING	Check route method/auth/RBAC/CSRF/input/error envelope/idempotency/durable writes/audit with integration test
API/4	P10127	POST /api/auth/logout	apps/web/app/api/auth/logout/route.ts	b154cdcf5b4bc56ffbc38fb7cb7047b1745eada9	ROUTE_FILE_FOUND	NOT_EXECUTED_V4	NOT_VERIFIED	AUDITOR_PENDING	Check route method/auth/RBAC/CSRF/input/error envelope/idempotency/durable writes/audit with integration test
API/5	P10152	POST /api/directives	apps/web/app/api/directives/route.ts	ba3fd8432902ad7c707767b97998b42b0db3d339	ROUTE_FILE_FOUND	NOT_EXECUTED_V4	NOT_VERIFIED	AUDITOR_PENDING	Check route method/auth/RBAC/CSRF/input/error envelope/idempotency/durable writes/audit with integration test
API/6	P10202	GET /api/directives/[id]	apps/web/app/api/directives/[id]/route.ts	e81c14e0f38f6d94b4dc91f84dfd4336e10ce087	ROUTE_FILE_FOUND	NOT_EXECUTED_V4	NOT_VERIFIED	AUDITOR_PENDING	Check route method/auth/RBAC/CSRF/input/error envelope/idempotency/durable writes/audit with integration test
API/7	P10221	GET /api/runs/[id]	apps/web/app/api/runs/[id]/route.ts	3c18601e4d2b57d0eab650e13990dd06785bdc72	ROUTE_FILE_FOUND	NOT_EXECUTED_V4	NOT_VERIFIED	AUDITOR_PENDING	Check route method/auth/RBAC/CSRF/input/error envelope/idempotency/durable writes/audit with integration test
API/8	P10242	POST /api/freeze/recover	apps/web/app/api/freeze/recover/route.ts	9496923925bec9270706fe86cf7095926931a7ee	ROUTE_FILE_FOUND	NOT_EXECUTED_V4	NOT_VERIFIED	AUDITOR_PENDING	Check route method/auth/RBAC/CSRF/input/error envelope/idempotency/durable writes/audit with integration test
API/9	P10268	POST /api/vault/commit	apps/web/app/api/vault/commit/route.ts	ed304f1a26f68b036a5fdd8a3f54c73cb7c9b7ac	ROUTE_FILE_FOUND	NOT_EXECUTED_V4	NOT_VERIFIED	AUDITOR_PENDING	Check route method/auth/RBAC/CSRF/input/error envelope/idempotency/durable writes/audit with integration test
API/10	P10301	GET /api/artifacts/[id]/revisions	apps/web/app/api/artifacts/[id]/revisions/route.ts	33cf0474c573bff081992fa426832962c2239040	ROUTE_FILE_FOUND	NOT_EXECUTED_V4	NOT_VERIFIED	AUDITOR_PENDING	Check route method/auth/RBAC/CSRF/input/error envelope/idempotency/durable writes/audit with integration test
API/11	P10330	GET /api/incidents/[id]	apps/web/app/api/incidents/[id]/route.ts	91d32f66dbab72708de80b57e9162bd17a0980e4	ROUTE_FILE_FOUND	NOT_EXECUTED_V4	NOT_VERIFIED	AUDITOR_PENDING	Check route method/auth/RBAC/CSRF/input/error envelope/idempotency/durable writes/audit with integration test
API/12	P10340	GET /api/audit-logs	apps/web/app/api/audit-logs/route.ts	a3345d844dfff6822b604da5d53f2348a0ab9be8	ROUTE_FILE_FOUND	NOT_EXECUTED_V4	NOT_VERIFIED	AUDITOR_PENDING	Check route method/auth/RBAC/CSRF/input/error envelope/idempotency/durable writes/audit with integration test
UI Screens/S1	P10505	Front Door	apps/web/app/page.tsx	a307266a408c46d009b739afa6af684cd911e314	SCREEN_FILE_FOUND	NOT_EXECUTED_V4	NOT_VERIFIED	AUDITOR_PENDING	Check real rendered screen, primary/secondary CTA, role-based visibility, loading/error/freeze truth, responsive/mobile and accessibility via browser test
UI Screens/S2	P10509	OTAC Verify	apps/web/app/login/page.tsx	597a6539473e161b4a7217f09c1345270f290719	SCREEN_FILE_FOUND	NOT_EXECUTED_V4	NOT_VERIFIED	AUDITOR_PENDING	Check real rendered screen, primary/secondary CTA, role-based visibility, loading/error/freeze truth, responsive/mobile and accessibility via browser test
UI Screens/S3	P10513	Home / Front	apps/web/app/page.tsx	a307266a408c46d009b739afa6af684cd911e314	SCREEN_FILE_FOUND	NOT_EXECUTED_V4	NOT_VERIFIED	AUDITOR_PENDING	Check real rendered screen, primary/secondary CTA, role-based visibility, loading/error/freeze truth, responsive/mobile and accessibility via browser test
UI Screens/S4	P10517	Directive Create	apps/web/app/directives/new/page.tsx	c5131bd3616f6d8aba7fb022570b9b11e848554b	SCREEN_FILE_FOUND	NOT_EXECUTED_V4	NOT_VERIFIED	AUDITOR_PENDING	Check real rendered screen, primary/secondary CTA, role-based visibility, loading/error/freeze truth, responsive/mobile and accessibility via browser test
UI Screens/S5	P10521	Directive Detail	apps/web/app/directives/[id]/page.tsx	08ab4756adb7ecc2c42fab3882d2560b946c8e8c	SCREEN_FILE_FOUND	NOT_EXECUTED_V4	NOT_VERIFIED	AUDITOR_PENDING	Check real rendered screen, primary/secondary CTA, role-based visibility, loading/error/freeze truth, responsive/mobile and accessibility via browser test
UI Screens/S6	P10525	Pipeline Run Detail	apps/web/app/runs/[id]/page.tsx	6f954de45fa8f6543f83b6f4d8d0ce5d543849db	SCREEN_FILE_FOUND	NOT_EXECUTED_V4	NOT_VERIFIED	AUDITOR_PENDING	Check real rendered screen, primary/secondary CTA, role-based visibility, loading/error/freeze truth, responsive/mobile and accessibility via browser test
UI Screens/S7	P10529	Freeze Incident	apps/web/app/incidents/[id]/page.tsx	d2d23f97cc9400e99d1ed3c5f4fa6e336e594262	SCREEN_FILE_FOUND	NOT_EXECUTED_V4	NOT_VERIFIED	AUDITOR_PENDING	Check real rendered screen, primary/secondary CTA, role-based visibility, loading/error/freeze truth, responsive/mobile and accessibility via browser test
UI Screens/S8	P10533	Artifact List	apps/web/app/vault/page.tsx	ce6eb1133f5692e5c8fee764499227a727b704be	SCREEN_FILE_FOUND	NOT_EXECUTED_V4	NOT_VERIFIED	AUDITOR_PENDING	Check real rendered screen, primary/secondary CTA, role-based visibility, loading/error/freeze truth, responsive/mobile and accessibility via browser test
UI Screens/S9	P10537	Revision History	apps/web/app/vault/[id]/page.tsx	b041b4dca1ebb088a0a84c198bda432c2ed635a5	SCREEN_FILE_FOUND	NOT_EXECUTED_V4	NOT_VERIFIED	AUDITOR_PENDING	Check real rendered screen, primary/secondary CTA, role-based visibility, loading/error/freeze truth, responsive/mobile and accessibility via browser test
UI Screens/S10	P10541	Audit Viewer	apps/web/app/audit/page.tsx	506f58e6e0ee01667ff09926be4958705f65d92e	SCREEN_FILE_FOUND	NOT_EXECUTED_V4	NOT_VERIFIED	AUDITOR_PENDING	Check real rendered screen, primary/secondary CTA, role-based visibility, loading/error/freeze truth, responsive/mobile and accessibility via browser test
UI Screens/S11	P10545	Owner Control Panel	apps/web/app/owner/page.tsx	0e21af99beaec63b5e5f87fbc7f6fc5db0dfcdb9	SCREEN_FILE_FOUND	NOT_EXECUTED_V4	NOT_VERIFIED	AUDITOR_PENDING	Check real rendered screen, primary/secondary CTA, role-based visibility, loading/error/freeze truth, responsive/mobile and accessibility via browser test
UI Screens/S12	P10549	I-Don't-Know	apps/web/app/unknown/page.tsx	3b0bbe3afe24340f73c6603386322dec4fb413b5	SCREEN_FILE_FOUND	NOT_EXECUTED_V4	NOT_VERIFIED	AUDITOR_PENDING	Check real rendered screen, primary/secondary CTA, role-based visibility, loading/error/freeze truth, responsive/mobile and accessibility via browser test
UI Components/1	P10582	StatusChip	apps/web/components/StatusChip.tsx	76d59895f4d510d7d05ae254e7fe4cdd264e039e	COMPONENT_FILE_FOUND	NOT_EXECUTED_V4	NOT_VERIFIED	AUDITOR_PENDING	Check import+render and interaction, state accuracy, accessibility, responsive semantics, security and snapshots
UI Components/2	P10583	ModeTabs	apps/web/components/ModeTabs.tsx	7ace6062dd635b5cd296289f624292f65e7a6404	COMPONENT_FILE_FOUND	NOT_EXECUTED_V4	NOT_VERIFIED	AUDITOR_PENDING	Check import+render and interaction, state accuracy, accessibility, responsive semantics, security and snapshots
UI Components/3	P10584	DirectiveInput	apps/web/components/DirectiveInput.tsx	a93f3f3cc35cbaabd863ca79f3a0fa48cc50a14a	COMPONENT_FILE_FOUND	NOT_EXECUTED_V4	NOT_VERIFIED	AUDITOR_PENDING	Check import+render and interaction, state accuracy, accessibility, responsive semantics, security and snapshots
UI Components/4	P10585	ConstraintPanel	apps/web/components/ConstraintPanel.tsx	897878624f2476d019a7f699caecaf6e4bb66494	COMPONENT_FILE_FOUND	NOT_EXECUTED_V4	NOT_VERIFIED	AUDITOR_PENDING	Check import+render and interaction, state accuracy, accessibility, responsive semantics, security and snapshots
UI Components/5	P10586	SubmitButton	apps/web/components/SubmitButton.tsx	796a7f70e15e6e4098357286bf2eadc78e6bc4bc	COMPONENT_FILE_FOUND	NOT_EXECUTED_V4	NOT_VERIFIED	AUDITOR_PENDING	Check import+render and interaction, state accuracy, accessibility, responsive semantics, security and snapshots
UI Components/6	P10587	FreezeBanner	apps/web/components/FreezeBanner.tsx	1376d9a12c24226728a02dec4881f9a545185dc3	COMPONENT_FILE_FOUND	NOT_EXECUTED_V4	NOT_VERIFIED	AUDITOR_PENDING	Check import+render and interaction, state accuracy, accessibility, responsive semantics, security and snapshots
UI Components/7	P10588	IncidentCard	apps/web/components/IncidentCard.tsx	077468a06a2c33fbec823ae077fe9238f377fb87	COMPONENT_FILE_FOUND	NOT_EXECUTED_V4	NOT_VERIFIED	AUDITOR_PENDING	Check import+render and interaction, state accuracy, accessibility, responsive semantics, security and snapshots
UI Components/8	P10589	RevisionTable	apps/web/components/RevisionTable.tsx	99be2a98a7bd4e9ccaa7fd627a6fcdf2a02ec0ac	COMPONENT_FILE_FOUND	NOT_EXECUTED_V4	NOT_VERIFIED	AUDITOR_PENDING	Check import+render and interaction, state accuracy, accessibility, responsive semantics, security and snapshots
UI Components/9	P10590	AuditTable	apps/web/components/AuditTable.tsx	c88df96305e075aeabd92e81526e14473bff65be	COMPONENT_FILE_FOUND	NOT_EXECUTED_V4	NOT_VERIFIED	AUDITOR_PENDING	Check import+render and interaction, state accuracy, accessibility, responsive semantics, security and snapshots
UI Components/10	P10591	EmptyStateCard	apps/web/components/EmptyStateCard.tsx	15357f67a97bdccd479636d1e5678ea2f0331cb8	COMPONENT_FILE_FOUND	NOT_EXECUTED_V4	NOT_VERIFIED	AUDITOR_PENDING	Check import+render and interaction, state accuracy, accessibility, responsive semantics, security and snapshots
UI Components/11	P10592	PermissionGate	apps/web/components/PermissionGate.tsx	240813a4c76f58312b1199825ae22faca3f70bfa	COMPONENT_FILE_FOUND	NOT_EXECUTED_V4	NOT_VERIFIED	AUDITOR_PENDING	Check import+render and interaction, state accuracy, accessibility, responsive semantics, security and snapshots
UI Components/12	P10593	OwnerActionBar	apps/web/components/OwnerActionBar.tsx	97d740eea5873c49f3e0be47d7873fd14b4eb0fb	COMPONENT_FILE_FOUND	NOT_EXECUTED_V4	NOT_VERIFIED	AUDITOR_PENDING	Check import+render and interaction, state accuracy, accessibility, responsive semantics, security and snapshots
UI Components/13	P10594	LoadingSkeleton	apps/web/components/LoadingSkeleton.tsx	bd5b6dcdc6cf73fe8e4b4bdc78b17e45c94ce474	COMPONENT_FILE_FOUND	NOT_EXECUTED_V4	NOT_VERIFIED	AUDITOR_PENDING	Check import+render and interaction, state accuracy, accessibility, responsive semantics, security and snapshots
UI Components/14	P10595	TrustExplainer	apps/web/components/TrustExplainer.tsx	3e2e5f4030096aab7feae5c1f4da6a9e4430b697	COMPONENT_FILE_FOUND	NOT_EXECUTED_V4	NOT_VERIFIED	AUDITOR_PENDING	Check import+render and interaction, state accuracy, accessibility, responsive semantics, security and snapshots
Storage unique/1	P10731	User.email @unique => emailHash @unique	prisma/schema.prisma	be1cbe1481829a2c95b6599929abc86829f37667	SCHEMA_READ_BUT_DB_UNTESTED	NOT_EXECUTED_V4	NOT_VERIFIED	AUDITOR_PENDING	Check Prisma schema plus actual migrated DB uniqueness/normalization, rollback, race, concurrency and tenant isolation
Storage unique/2	P10732	Session.id @unique => id @id	prisma/schema.prisma	be1cbe1481829a2c95b6599929abc86829f37667	SCHEMA_READ_BUT_DB_UNTESTED	NOT_EXECUTED_V4	NOT_VERIFIED	AUDITOR_PENDING	Check Prisma schema plus actual migrated DB uniqueness/normalization, rollback, race, concurrency and tenant isolation
Storage unique/3	P10733	DirectiveRecord.idempotencyKey => @unique	prisma/schema.prisma	be1cbe1481829a2c95b6599929abc86829f37667	SCHEMA_READ_BUT_DB_UNTESTED	NOT_EXECUTED_V4	NOT_VERIFIED	AUDITOR_PENDING	Check Prisma schema plus actual migrated DB uniqueness/normalization, rollback, race, concurrency and tenant isolation
Storage unique/4	P10734	Commit.idempotencyKey => @unique	prisma/schema.prisma	be1cbe1481829a2c95b6599929abc86829f37667	SCHEMA_READ_BUT_DB_UNTESTED	NOT_EXECUTED_V4	NOT_VERIFIED	AUDITOR_PENDING	Check Prisma schema plus actual migrated DB uniqueness/normalization, rollback, race, concurrency and tenant isolation
Storage unique/5	P10735	Revision(artifactId,revisionNo) => @@unique	prisma/schema.prisma	be1cbe1481829a2c95b6599929abc86829f37667	SCHEMA_READ_BUT_DB_UNTESTED	NOT_EXECUTED_V4	NOT_VERIFIED	AUDITOR_PENDING	Check Prisma schema plus actual migrated DB uniqueness/normalization, rollback, race, concurrency and tenant isolation
Storage unique/6	P10736	PipelineRun.id => @id	prisma/schema.prisma	be1cbe1481829a2c95b6599929abc86829f37667	SCHEMA_READ_BUT_DB_UNTESTED	NOT_EXECUTED_V4	NOT_VERIFIED	AUDITOR_PENDING	Check Prisma schema plus actual migrated DB uniqueness/normalization, rollback, race, concurrency and tenant isolation
Storage unique/7	P10737	FreezeIncident.pipelineRunId => @unique	prisma/schema.prisma	be1cbe1481829a2c95b6599929abc86829f37667	SCHEMA_READ_BUT_DB_UNTESTED	NOT_EXECUTED_V4	NOT_VERIFIED	AUDITOR_PENDING	Check Prisma schema plus actual migrated DB uniqueness/normalization, rollback, race, concurrency and tenant isolation
DOC-E/E1	P10924	E01-contract-test-report.md	docs/evidence/current/E01-contract-test-report.md	2db804e9af32313a91334439434b2ad9fd9f9eb6	STALE_OR_CURRENT_EVIDENCE_UNVALIDATED	NOT_EXECUTED_V4	NOT_VERIFIED	AUDITOR_PENDING	Obtain CURRENT-HEAD actual proof artifact, exact commit+environment+command+exit+log; independent review; E11 must be real human-authorized signoff
DOC-E/E2	P10926	E02-api-schema-snapshot.md	docs/evidence/current/E02-api-schema-snapshot.md	99019c22e899866fcd0e2a5f1e527b74ca373b38	STALE_OR_CURRENT_EVIDENCE_UNVALIDATED	NOT_EXECUTED_V4	NOT_VERIFIED	AUDITOR_PENDING	Obtain CURRENT-HEAD actual proof artifact, exact commit+environment+command+exit+log; independent review; E11 must be real human-authorized signoff
DOC-E/E3	P10928	E03-migration-roundtrip.md	docs/evidence/current/E03-migration-roundtrip.md	337f5acaab8ab57bc88905d9b3e31606fc00b3d4	STALE_OR_CURRENT_EVIDENCE_UNVALIDATED	NOT_EXECUTED_V4	NOT_VERIFIED	AUDITOR_PENDING	Obtain CURRENT-HEAD actual proof artifact, exact commit+environment+command+exit+log; independent review; E11 must be real human-authorized signoff
DOC-E/E4	P10930	E04-state-machine.md	docs/evidence/current/E04-state-machine.md	28f76e7161ec020c9c8e68d391e71cc85c4e22ab	STALE_OR_CURRENT_EVIDENCE_UNVALIDATED	NOT_EXECUTED_V4	NOT_VERIFIED	AUDITOR_PENDING	Obtain CURRENT-HEAD actual proof artifact, exact commit+environment+command+exit+log; independent review; E11 must be real human-authorized signoff
DOC-E/E5	P10932	E05-rbac-tests.md	docs/evidence/current/E05-rbac-tests.md	b7e1f91695591eb36a4ac0b98f6b8fea14700db7	STALE_OR_CURRENT_EVIDENCE_UNVALIDATED	NOT_EXECUTED_V4	NOT_VERIFIED	AUDITOR_PENDING	Obtain CURRENT-HEAD actual proof artifact, exact commit+environment+command+exit+log; independent review; E11 must be real human-authorized signoff
DOC-E/E6	P10934	E06-auth-abuse.md	docs/evidence/current/E06-auth-abuse.md	58cd783406758ecf492415ceca1ec442c499bd70	STALE_OR_CURRENT_EVIDENCE_UNVALIDATED	NOT_EXECUTED_V4	NOT_VERIFIED	AUDITOR_PENDING	Obtain CURRENT-HEAD actual proof artifact, exact commit+environment+command+exit+log; independent review; E11 must be real human-authorized signoff
DOC-E/E7	P10936	E07-queue-worker-readiness.md	docs/evidence/current/E07-queue-worker-readiness.md	3a71d811ec15559e86a46413aad3bc565996bf63	STALE_OR_CURRENT_EVIDENCE_UNVALIDATED	NOT_EXECUTED_V4	NOT_VERIFIED	AUDITOR_PENDING	Obtain CURRENT-HEAD actual proof artifact, exact commit+environment+command+exit+log; independent review; E11 must be real human-authorized signoff
DOC-E/E8	P10938	E08-observability-alarm.md	docs/evidence/current/E08-observability-alarm.md	003e624daae4b5275a9bd8dcdc02199861c830c2	STALE_OR_CURRENT_EVIDENCE_UNVALIDATED	NOT_EXECUTED_V4	NOT_VERIFIED	AUDITOR_PENDING	Obtain CURRENT-HEAD actual proof artifact, exact commit+environment+command+exit+log; independent review; E11 must be real human-authorized signoff
DOC-E/E9	P10940	E09-incident-drill.md	docs/evidence/current/E09-incident-drill.md	356682bc10af25dccb5cd607d9365fb42375ffbb	STALE_OR_CURRENT_EVIDENCE_UNVALIDATED	NOT_EXECUTED_V4	NOT_VERIFIED	AUDITOR_PENDING	Obtain CURRENT-HEAD actual proof artifact, exact commit+environment+command+exit+log; independent review; E11 must be real human-authorized signoff
DOC-E/E10	P10942	E10-deploy-runbook.md	docs/evidence/current/E10-deploy-runbook.md	5bf27b0bcc8fab3d40d73d23b458fdba897ac1c7	STALE_OR_CURRENT_EVIDENCE_UNVALIDATED	NOT_EXECUTED_V4	NOT_VERIFIED	AUDITOR_PENDING	Obtain CURRENT-HEAD actual proof artifact, exact commit+environment+command+exit+log; independent review; E11 must be real human-authorized signoff
DOC-E/E11	P10944	E11-release-signoff.md	docs/evidence/current/E11-release-signoff.md	096b354dc493d4526f8f4770b61c555a594b3ac8	STALE_OR_CURRENT_EVIDENCE_UNVALIDATED	NOT_EXECUTED_V4	NOT_VERIFIED	AUDITOR_PENDING	Obtain CURRENT-HEAD actual proof artifact, exact commit+environment+command+exit+log; independent review; E11 must be real human-authorized signoff
DOC-E/E12	P10946	E12-rollback-execution.md	docs/evidence/current/E12-rollback-execution.md	19849642e6898e232f99d6c03e2f9fae77a65c93	STALE_OR_CURRENT_EVIDENCE_UNVALIDATED	NOT_EXECUTED_V4	NOT_VERIFIED	AUDITOR_PENDING	Obtain CURRENT-HEAD actual proof artifact, exact commit+environment+command+exit+log; independent review; E11 must be real human-authorized signoff
EX017/LEGAL-TRANSITION-EVENTLOG	P10496	Every legal transition emits EventLog	packages/core/vnext-state-matrix.ts	27e1281fba330784cc3bf2c30e9e1e82f951479b	EXTRA_SCOPE_CANDIDATE	NOT_EXECUTED_V4	NOT_VERIFIED	AUDITOR_PENDING	RUN_NEGATIVE_INTEGRATION_AND_SOURCE_TESTS
EX017/FREEZE-PRIMARY-INCIDENT	P10497	FREEZE/STOP creates primary incident	packages/core/vnext-state-matrix.ts	27e1281fba330784cc3bf2c30e9e1e82f951479b	EXTRA_SCOPE_CANDIDATE	NOT_EXECUTED_V4	NOT_VERIFIED	AUDITOR_PENDING	RUN_NEGATIVE_INTEGRATION_AND_SOURCE_TESTS
EX017/SECONDARY-INCIDENT-LINKAGE	P10498	Secondary failures attach secondary incident links	packages/obs/incident-priority.ts	12689c38239fc49f83c6dc23d0c73a6f7c667717	EXTRA_SCOPE_CANDIDATE	NOT_EXECUTED_V4	NOT_VERIFIED	AUDITOR_PENDING	RUN_NEGATIVE_INTEGRATION_AND_SOURCE_TESTS
EX017/RECOVERY-PAIR-LOG	P10499	Recover emits AuditLog and EventLog	packages/core/vnext-state-matrix.ts	27e1281fba330784cc3bf2c30e9e1e82f951479b	EXTRA_SCOPE_CANDIDATE	NOT_EXECUTED_V4	NOT_VERIFIED	AUDITOR_PENDING	RUN_NEGATIVE_INTEGRATION_AND_SOURCE_TESTS
EX017/API-ENVELOPE	P10029	All responses use SystemEnvelope	packages/contracts/envelope.ts	daf1156b3431150e667b5e18727d8abe9bdc9b75	EXTRA_SCOPE_CANDIDATE	NOT_EXECUTED_V4	NOT_VERIFIED	AUDITOR_PENDING	RUN_NEGATIVE_INTEGRATION_AND_SOURCE_TESTS
EX017/API-SESSION-CSRF	P10030	Mutating routes require session and CSRF except OTAC	packages/api/directives.ts	8cd214c87e5aa55561e52347802ec8172feadc36	EXTRA_SCOPE_CANDIDATE	NOT_EXECUTED_V4	NOT_VERIFIED	AUDITOR_PENDING	RUN_NEGATIVE_INTEGRATION_AND_SOURCE_TESTS
EX017/API-IDEMPOTENCY	P10031	Mutating routes require idempotency_key unless exempt	packages/api/directives.ts	8cd214c87e5aa55561e52347802ec8172feadc36	EXTRA_SCOPE_CANDIDATE	NOT_EXECUTED_V4	NOT_VERIFIED	AUDITOR_PENDING	RUN_NEGATIVE_INTEGRATION_AND_SOURCE_TESTS
EX017/CANONICAL-JSON-FINGERPRINT	P4102+P10031	Canonical JSON must be valid deterministic distinct input fingerprint	packages/core/canonical-json.ts	3894381cc80648c31f38b7b88035a64ee1d9cde6	EXTRA_SCOPE_CANDIDATE	NOT_EXECUTED_V4	NOT_VERIFIED	AUDITOR_PENDING	RUN_NEGATIVE_INTEGRATION_AND_SOURCE_TESTS
